"","GEOID","total","white","nonwhite.perc"
"1","24003701101",4045,3939,0.0262051915945611
"2","24003701102",8083,7251,0.102932079673389
"3","24003701200",8779,8237,0.0617382389793826
"4","24003701300",7553,6589,0.127631404739838
"5","24003701400",3375,3060,0.0933333333333334
"6","24003702100",7021,6501,0.0740635237145706
"7","24003702204",4318,3668,0.150532654006485
"8","24003702205",5485,4396,0.198541476754786
"9","24003702206",6414,4760,0.257873401933271
"10","24003702208",7177,4667,0.349728298732061
"11","24003702209",4540,3905,0.139867841409692
"12","24003702300",5577,5315,0.0469786623632777
"13","24003702402",6555,5513,0.158962623951182
"14","24003702500",6733,2898,0.569582652606565
"15","24003702601",5512,4526,0.178882438316401
"16","24003702602",5614,4503,0.197898111863199
"17","24003702701",5480,4575,0.16514598540146
"18","24003702702",3671,3294,0.102696812857532
"19","24003706101",3589,2790,0.222624686542212
"20","24003706301",4237,3120,0.263629926835025
"21","24003706302",3167,2892,0.0868329649510577
"22","24003706401",7294,3755,0.485193309569509
"23","24003706402",2917,1935,0.336647240315393
"24","24003706500",5439,3909,0.281301709873138
"25","24003706600",5340,3743,0.299063670411985
"26","24003706700",5827,4298,0.262399176248498
"27","24003707001",6595,5481,0.168915845337377
"28","24003707002",4812,4435,0.0783458021612635
"29","24003708001",3753,3487,0.0708766320277112
"30","24003708004",5847,4488,0.23242688558235
"31","24003730100",8997,7146,0.205735245081694
"32","24003730203",6110,4191,0.314075286415712
"33","24003730204",6289,3892,0.381141675942121
"34","24003730300",3274,2788,0.148442272449603
"35","24003730401",5088,3319,0.347680817610063
"36","24003730402",6472,4029,0.377472187886279
"37","24003730502",5545,3633,0.344815148782687
"38","24003730504",7517,4075,0.457895437009445
"39","24003730505",4866,1744,0.641594739005343
"40","24003730506",3934,1327,0.66268429079817
"41","24003730601",7203,6430,0.107316395946134
"42","24003730603",2916,2532,0.131687242798354
"43","24003730604",6724,5977,0.111094586555622
"44","24003730700",7474,6714,0.101685844260102
"45","24003730800",2480,2404,0.0306451612903226
"46","24003730901",2539,2146,0.154785348562426
"47","24003730902",4059,3762,0.073170731707317
"48","24003731002",3390,2931,0.135398230088496
"49","24003731003",4193,3936,0.0612926305747674
"50","24003731004",4449,4071,0.0849629130141605
"51","24003731102",7650,6994,0.0857516339869281
"52","24003731103",5036,4266,0.152899126290707
"53","24003731104",4325,3721,0.139653179190751
"54","24003731105",3441,3239,0.0587038651554781
"55","24003731201",6527,6146,0.0583729125172361
"56","24003731202",7263,7118,0.0199642021203359
"57","24003731203",7227,6293,0.129237581292376
"58","24003731204",6224,5533,0.111021850899743
"59","24003731303",6617,6263,0.0534985643040653
"60","24003731306",6192,5798,0.0636304909560723
"61","24003731307",6838,6101,0.107780052646973
"62","24003731308",3595,3359,0.0656467315716273
"63","24003731309",6228,5544,0.109826589595376
"64","24003731310",5137,4732,0.0788397897605606
"65","24003731311",8495,6890,0.188934667451442
"66","24003740102",8704,4695,0.460592830882353
"67","24003740103",8252,4192,0.492001938923897
"68","24003740104",8134,3277,0.597123186624047
"69","24003740105",4186,816,0.805064500716675
"70","24003740201",7311,4124,0.43591847900424
"71","24003740203",5742,4423,0.229710902124695
"72","24003740303",4331,3267,0.245670745786193
"73","24003740304",4226,3228,0.236157122574539
"74","24003740305",11579,4029,0.652042490715951
"75","24003740400",5196,1619,0.688414164742109
"76","24003740500",10036,2903,0.710741331207652
"77","24003740601",4335,2768,0.361476355247981
"78","24003740602",3998,2490,0.377188594297149
"79","24003740603",1827,1409,0.228790366721401
"80","24003740701",5270,3737,0.290891840607211
"81","24003740702",10187,7521,0.261706096004712
"82","24003740800",4460,3701,0.170179372197309
"83","24003740900",7578,5318,0.298231723409871
"84","24003741000",2223,1953,0.121457489878543
"85","24003750101",4216,2875,0.318074003795066
"86","24003750102",2630,1862,0.292015209125475
"87","24003750201",2855,1903,0.333450087565674
"88","24003750202",3035,2571,0.152883031301483
"89","24003750203",1364,1085,0.204545454545455
"90","24003750300",2826,2423,0.142604387827318
"91","24003750400",4018,3569,0.111747137879542
"92","24003750801",6218,5113,0.177709874557736
"93","24003750803",8404,3779,0.550333174678724
"94","24003750804",3990,3210,0.195488721804511
"95","24003750900",2770,2181,0.212635379061372
"96","24003751000",3781,3208,0.151547209732875
"97","24003751102",3695,2514,0.319621109607578
"98","24003751103",5707,4883,0.144384089714386
"99","24003751200",4275,3818,0.106900584795322
"100","24003751400",3957,2732,0.309577963103361
"101","24003751500",7024,3662,0.478644646924829
"102","24003751600",5069,4667,0.0793055829552179
"103","24003751700",2786,2429,0.128140703517588
"104","24003980000",22,7,0.681818181818182
"105","24003990000",0,0,NA
"106","24021740200",4851,4388,0.0954442383013812
"107","24021750100",1357,1158,0.146647015475313
"108","24021750200",1705,1608,0.056891495601173
"109","24021750300",1520,1023,0.326973684210526
"110","24021750503",6646,3649,0.45094793860969
"111","24021750504",6022,2769,0.540185984722684
"112","24021750505",7027,3442,0.510175039134766
"113","24021750506",4001,2880,0.280179955011247
"114","24021750600",2589,2244,0.133256083429896
"115","24021750701",5192,3368,0.351309707241911
"116","24021750702",3731,2337,0.373626373626374
"117","24021750801",3105,2431,0.2170692431562
"118","24021750802",4235,3561,0.159149940968123
"119","24021750803",6286,4771,0.241011772192173
"120","24021751001",1093,554,0.493138151875572
"121","24021751002",4907,3545,0.277562665579784
"122","24021751003",5484,3052,0.443471918307805
"123","24021751004",3764,2968,0.211477151965994
"124","24021751201",4986,3621,0.273766546329723
"125","24021751202",6020,4404,0.26843853820598
"126","24021751203",2111,1972,0.0658455708195168
"127","24021751301",3049,2869,0.0590357494260413
"128","24021751302",2970,2653,0.106734006734007
"129","24021751600",2918,2775,0.049006168608636
"130","24021751701",2386,2324,0.0259849119865885
"131","24021751702",3991,3738,0.0633926334252067
"132","24021751801",4448,3903,0.122526978417266
"133","24021751802",4001,3911,0.0224943764058986
"134","24021751901",4706,4380,0.0692732681682958
"135","24021751902",5899,5309,0.100016952025767
"136","24021751903",6220,5687,0.0856913183279743
"137","24021751904",3413,2771,0.188104307061236
"138","24021752001",4919,4525,0.0800975808091076
"139","24021752101",3292,3066,0.0686512758201701
"140","24021752102",4213,4197,0.00379776881082361
"141","24021752201",2200,1890,0.140909090909091
"142","24021752202",4204,2709,0.355613701236917
"143","24021752204",7093,4977,0.298322289581277
"144","24021752301",4855,3065,0.368692070030896
"145","24021752302",4197,3944,0.06028115320467
"146","24021752303",3259,2655,0.18533292420988
"147","24021752501",4857,4731,0.0259419394688079
"148","24021752502",2615,2465,0.0573613766730402
"149","24021752601",3998,3627,0.0927963981990996
"150","24021752602",2753,2545,0.0755539411551035
"151","24021752603",3895,3693,0.0518613607188704
"152","24021752801",2167,2151,0.00738347946469775
"153","24021752802",3485,3318,0.047919655667145
"154","24021752900",3169,2998,0.0539602398232881
"155","24021753001",5029,4893,0.027043149731557
"156","24021753002",2931,2860,0.0242238143978164
"157","24021765100",3872,2454,0.366219008264463
"158","24021766800",5903,5242,0.111976960867356
"159","24021767500",2773,2453,0.115398485394879
"160","24021767600",3592,3468,0.034521158129176
"161","24021770700",3565,3449,0.0325385694249649
"162","24021772200",1600,1172,0.2675
"163","24021773500",4419,3494,0.209323376329486
"164","24021775302",4316,3715,0.139249304911956
"165","24021775400",3738,3465,0.0730337078651685
"166","24021775600",3831,3287,0.141999477943096
"167","24043000100",3371,2910,0.136754672204094
"168","24043000200",3453,2836,0.178685201274254
"169","24043000301",3189,2704,0.152085293195359
"170","24043000302",2840,1865,0.34330985915493
"171","24043000400",1941,887,0.543019062339001
"172","24043000500",5611,3684,0.343432543218678
"173","24043000601",2388,1622,0.320770519262982
"174","24043000602",3292,2997,0.0896111786148238
"175","24043000700",2897,2269,0.216775975146703
"176","24043000800",3554,2647,0.255205402363534
"177","24043000900",3682,2389,0.351167843563281
"178","24043001001",5159,3842,0.255282031401434
"179","24043001002",3947,3615,0.0841145173549531
"180","24043010100",1260,1197,0.05
"181","24043010200",4632,4524,0.0233160621761658
"182","24043010300",7522,6679,0.112071257644244
"183","24043010400",8642,6909,0.200532284193474
"184","24043010500",6448,6118,0.0511786600496278
"185","24043010600",4888,4723,0.0337561374795418
"186","24043010700",3392,3325,0.019752358490566
"187","24043010801",4471,4218,0.056586893312458
"188","24043010802",2555,2375,0.0704500978473581
"189","24043010900",8236,7706,0.0643516270033997
"190","24043011000",6405,1990,0.689305230288837
"191","24043011100",6198,5397,0.129235237173282
"192","24043011201",8969,7221,0.194893522131787
"193","24043011202",4679,4047,0.135071596494978
"194","24043011301",4997,4601,0.0792475485291174
"195","24043011302",3772,3460,0.0827147401908802
"196","24043011400",5606,5318,0.0513735283624688
"197","24043011500",8241,8006,0.0285159568013591
"198","24043011600",3033,2874,0.0524233432245301
"199","24031700101",4461,3590,0.195247702308899
"200","24031700103",5680,3981,0.299119718309859
"201","24031700104",5856,3003,0.48719262295082
"202","24031700105",6170,3569,0.421555915721232
"203","24031700204",2044,1920,0.0606653620352251
"204","24031700205",8206,5438,0.337314160370461
"205","24031700206",5786,5011,0.133944002765296
"206","24031700207",5599,4000,0.285586711912842
"207","24031700208",2217,1946,0.122237257555255
"208","24031700304",8435,3193,0.621458209839953
"209","24031700306",7087,3382,0.522788203753351
"210","24031700308",5652,3196,0.434536447275301
"211","24031700309",5590,2894,0.482289803220036
"212","24031700310",6227,3411,0.452224185000803
"213","24031700311",8925,3817,0.572324929971989
"214","24031700312",6020,3435,0.429401993355482
"215","24031700400",2068,1863,0.0991295938104448
"216","24031700500",6445,5361,0.168192397207137
"217","24031700604",6784,5073,0.25221108490566
"218","24031700606",4453,2837,0.362901414776555
"219","24031700607",7661,2943,0.615846495235609
"220","24031700608",5858,3599,0.385626493683851
"221","24031700610",2160,1643,0.239351851851852
"222","24031700611",7016,2314,0.67018244013683
"223","24031700613",6012,2751,0.542415169660679
"224","24031700614",4929,2918,0.407993507810915
"225","24031700615",2925,2255,0.229059829059829
"226","24031700616",4668,2888,0.381319622964867
"227","24031700704",3281,1857,0.434014020115818
"228","24031700706",4154,1605,0.613625421280693
"229","24031700710",6564,3982,0.393357708714199
"230","24031700711",5881,3574,0.392280224451624
"231","24031700713",5986,2613,0.563481456732376
"232","24031700715",6275,2412,0.615617529880478
"233","24031700716",8146,3874,0.524429167689664
"234","24031700717",6494,2869,0.558207576224207
"235","24031700718",4625,2615,0.434594594594595
"236","24031700719",9696,3824,0.605610561056106
"237","24031700720",3829,1665,0.565160616348916
"238","24031700721",3093,1404,0.546071774975752
"239","24031700722",4312,1631,0.621753246753247
"240","24031700723",3548,2552,0.280721533258174
"241","24031700724",3435,1321,0.615429403202329
"242","24031700810",5114,2649,0.482010168165819
"243","24031700811",4648,2213,0.523881239242685
"244","24031700812",3980,2541,0.361557788944724
"245","24031700813",6334,3466,0.452794442690243
"246","24031700815",7456,2836,0.619635193133047
"247","24031700816",8639,3287,0.61951614770228
"248","24031700817",5436,2975,0.452722590139809
"249","24031700818",7069,2249,0.681850332437403
"250","24031700819",7387,4224,0.428184648707188
"251","24031700820",3110,1181,0.620257234726688
"252","24031700822",1724,1069,0.379930394431555
"253","24031700823",3197,2149,0.327807319361902
"254","24031700824",3177,2299,0.276361347182877
"255","24031700826",5700,4349,0.237017543859649
"256","24031700828",2290,1594,0.303930131004367
"257","24031700829",3488,1987,0.430332568807339
"258","24031700830",2815,1118,0.602841918294849
"259","24031700832",3248,1611,0.504002463054187
"260","24031700833",4116,1791,0.564868804664723
"261","24031700834",5138,2465,0.520241339042429
"262","24031700835",4625,2063,0.553945945945946
"263","24031700901",3891,2053,0.472372140837831
"264","24031700902",3780,1813,0.52037037037037
"265","24031700903",2041,1231,0.396864282214601
"266","24031700904",3057,1222,0.600261694471704
"267","24031700905",4113,2173,0.471675176270362
"268","24031701001",5773,4084,0.292568855014724
"269","24031701002",3667,2807,0.234524134169621
"270","24031701004",5412,3578,0.338876570583888
"271","24031701005",3960,2730,0.310606060606061
"272","24031701006",5473,3860,0.294719532249223
"273","24031701007",3093,1732,0.440025864856127
"274","24031701101",4891,2829,0.42159067675322
"275","24031701102",6497,4408,0.321533015237802
"276","24031701201",6243,4231,0.32228095466923
"277","24031701202",2668,2462,0.0772113943028486
"278","24031701205",6706,5202,0.224276767074262
"279","24031701206",6720,5073,0.245089285714286
"280","24031701210",3991,3206,0.196692558256076
"281","24031701211",6701,3371,0.496940755111177
"282","24031701212",2712,2023,0.25405604719764
"283","24031701213",6749,5417,0.197362572232923
"284","24031701214",3573,2529,0.292191435768262
"285","24031701215",5040,3752,0.255555555555556
"286","24031701216",4872,2817,0.42179802955665
"287","24031701218",2777,1798,0.352538710839035
"288","24031701219",4063,1436,0.646566576421364
"289","24031701220",4243,2199,0.481734621729908
"290","24031701221",4380,2364,0.46027397260274
"291","24031701303",3422,2786,0.185856224430158
"292","24031701304",6005,4530,0.245628642797669
"293","24031701306",3078,2717,0.117283950617284
"294","24031701307",3997,2226,0.4430823117338
"295","24031701308",3125,2066,0.33888
"296","24031701312",6454,4866,0.246048961884103
"297","24031701313",3561,2272,0.361976972760461
"298","24031701314",3202,1953,0.390068707058089
"299","24031701315",4744,3324,0.299325463743676
"300","24031701316",6232,4508,0.276636713735558
"301","24031701317",4383,3232,0.262605521332421
"302","24031701407",5856,2798,0.522199453551913
"303","24031701408",6591,3908,0.407070247306934
"304","24031701409",4678,2036,0.564771269773407
"305","24031701410",7987,1905,0.761487417052711
"306","24031701414",7082,1829,0.741739621575826
"307","24031701415",7647,2384,0.688243755721198
"308","24031701417",5784,1065,0.815871369294606
"309","24031701418",3459,1026,0.70338248048569
"310","24031701420",6864,3200,0.533799533799534
"311","24031701421",2078,116,0.944177093358999
"312","24031701422",3114,267,0.914258188824663
"313","24031701423",4951,619,0.874974752575237
"314","24031701503",6492,2433,0.625231053604436
"315","24031701505",6688,2918,0.563696172248804
"316","24031701506",5236,2477,0.526928953399542
"317","24031701507",4687,2237,0.522722423725197
"318","24031701508",3774,309,0.9181240063593
"319","24031701509",6285,1378,0.780747812251392
"320","24031701601",2386,146,0.938809723386421
"321","24031701602",7357,985,0.866113905124371
"322","24031701701",3486,2285,0.344520940906483
"323","24031701702",2547,920,0.638790734197095
"324","24031701703",3656,1552,0.575492341356674
"325","24031701704",2896,1779,0.385704419889503
"326","24031701800",4928,2407,0.511566558441559
"327","24031701900",3238,1303,0.597591105620754
"328","24031702000",5740,1485,0.741289198606272
"329","24031702101",6034,1159,0.807921776599271
"330","24031702102",3152,2688,0.147208121827411
"331","24031702200",4715,2808,0.404453870625663
"332","24031702301",3710,1686,0.5455525606469
"333","24031702302",4073,1977,0.514608396759146
"334","24031702401",2602,1748,0.328209069946195
"335","24031702402",4364,2299,0.473189734188818
"336","24031702500",6462,2684,0.584648715567936
"337","24031702601",4522,2183,0.517249004865104
"338","24031702602",4870,2729,0.439630390143737
"339","24031702700",7098,3177,0.552409129332206
"340","24031702800",4874,3004,0.383668444809192
"341","24031702900",5380,3517,0.346282527881041
"342","24031703000",1915,1329,0.306005221932115
"343","24031703100",4459,2474,0.445167077820139
"344","24031703201",7554,4483,0.406539581678581
"345","24031703202",6083,4402,0.276343909255302
"346","24031703206",3695,1830,0.504736129905277
"347","24031703207",6468,1692,0.738404452690167
"348","24031703208",4986,3833,0.231247492980345
"349","24031703209",6662,3233,0.514710297208046
"350","24031703210",3793,1926,0.492222515159504
"351","24031703212",9210,2610,0.716612377850163
"352","24031703213",6613,1359,0.794495690306971
"353","24031703214",7962,1348,0.830695805074102
"354","24031703215",3665,1086,0.703683492496589
"355","24031703216",3769,2023,0.463252852215442
"356","24031703218",1883,1680,0.107806691449814
"357","24031703219",3575,2864,0.198881118881119
"358","24031703220",5174,1924,0.628140703517588
"359","24031703221",5302,2191,0.58675971331573
"360","24031703301",4804,2535,0.472314737718568
"361","24031703302",4671,1468,0.685720402483408
"362","24031703401",5307,1897,0.642547578669681
"363","24031703402",3536,1016,0.712669683257919
"364","24031703403",3573,911,0.745032185838231
"365","24031703404",3043,647,0.787380874137364
"366","24031703501",7233,2316,0.679800912484446
"367","24031703502",2950,1635,0.445762711864407
"368","24031703601",4549,2565,0.436139810947461
"369","24031703602",3186,2481,0.221280602636535
"370","24031703701",3860,1490,0.613989637305699
"371","24031703702",4434,1442,0.674785746504285
"372","24031703800",3312,1235,0.627113526570048
"373","24031703901",3182,1903,0.401948460087995
"374","24031703902",7972,3394,0.574259909683894
"375","24031704000",7061,3630,0.485908511542274
"376","24031704100",4602,4049,0.120165145588874
"377","24031704200",1990,1693,0.149246231155779
"378","24031704300",3871,3442,0.110824076466029
"379","24031704401",3407,2568,0.246257704725565
"380","24031704403",1597,1211,0.24170319348779
"381","24031704404",5042,3838,0.238794129313764
"382","24031704501",3612,2967,0.178571428571429
"383","24031704502",2533,2115,0.16502171338334
"384","24031704503",4237,3720,0.122020297380222
"385","24031704600",4902,3905,0.203386372909017
"386","24031704700",3933,3435,0.126620900076278
"387","24031704803",3618,2777,0.232448866777225
"388","24031704804",1693,1319,0.220909627879504
"389","24031704805",2005,1540,0.231920199501247
"390","24031704806",3015,2407,0.201658374792703
"391","24031705000",4377,3550,0.18894219785241
"392","24031705100",5179,4383,0.153697625024136
"393","24031705200",3169,2887,0.0889870621647207
"394","24031705300",1936,1845,0.047004132231405
"395","24031705400",2927,2745,0.062179706183806
"396","24031705501",2514,2147,0.145982498011138
"397","24031705502",3842,3564,0.0723581467985425
"398","24031705601",2887,2533,0.122618635261517
"399","24031705602",4687,3677,0.215489652229571
"400","24031705701",4501,3947,0.12308375916463
"401","24031705702",4746,4539,0.0436156763590392
"402","24031705800",6227,5383,0.135538782720411
"403","24031705901",4077,3353,0.177581555064999
"404","24031705902",4179,3001,0.281885618569036
"405","24031705903",4387,3487,0.205151584226123
"406","24031706005",4816,3748,0.221760797342193
"407","24031706007",7595,5077,0.331533903884134
"408","24031706008",5070,3991,0.212820512820513
"409","24031706009",5359,4377,0.183243142377309
"410","24031706010",2971,1720,0.421070346684618
"411","24031706011",5077,3603,0.290328934410085
"412","24031706012",3201,1830,0.428303655107779
"413","24031706013",3061,2526,0.174779483828814
"414","24009860101",3252,2679,0.17619926199262
"415","24009860102",2430,2180,0.102880658436214
"416","24009860200",6468,5289,0.182282003710575
"417","24009860300",4289,3561,0.169736535322919
"418","24009860401",9837,8364,0.14974077462641
"419","24009860402",3475,2837,0.183597122302158
"420","24009860501",6024,5114,0.151062416998672
"421","24009860502",3230,2760,0.145510835913313
"422","24009860600",7823,6494,0.169883676339
"423","24009860701",2913,2320,0.203570202540336
"424","24009860702",3279,2009,0.387313205245502
"425","24009860703",3948,2524,0.360688956433637
"426","24009860801",6849,5616,0.180026281208936
"427","24009860802",4939,4259,0.137679692245394
"428","24009860900",6668,5275,0.208908218356329
"429","24009861001",1177,1108,0.0586236193712829
"430","24009861003",5891,4992,0.152605669665592
"431","24009861004",7622,6395,0.160981369719234
"432","24009990100",0,0,NA
"433","24033800102",2882,1286,0.553782095766829
"434","24033800103",2015,969,0.519106699751861
"435","24033800105",4021,1243,0.69087291718478
"436","24033800106",2626,748,0.715156130997715
"437","24033800108",3230,747,0.768730650154799
"438","24033800109",3746,1205,0.678323545114789
"439","24033800203",4388,3337,0.239516864175023
"440","24033800206",3874,970,0.749612803304079
"441","24033800208",8025,2318,0.711152647975078
"442","24033800209",4253,580,0.863625675993416
"443","24033800210",2939,398,0.864579789043892
"444","24033800211",2836,651,0.770451339915374
"445","24033800212",4916,1157,0.764646053702197
"446","24033800213",4319,1027,0.762213475341514
"447","24033800214",2525,859,0.65980198019802
"448","24033800215",2452,386,0.84257748776509
"449","24033800401",2445,1548,0.366871165644172
"450","24033800402",4829,3391,0.297784220335473
"451","24033800403",4136,2289,0.446566731141199
"452","24033800408",6980,1442,0.793409742120344
"453","24033800409",5673,2437,0.570421293848052
"454","24033800410",6384,2054,0.678258145363408
"455","24033800411",3818,1111,0.709009952854898
"456","24033800412",3474,747,0.784974093264249
"457","24033800413",4027,231,0.942637198907375
"458","24033800504",4892,3279,0.329721995094031
"459","24033800505",2586,1997,0.227764887857695
"460","24033800507",3084,940,0.695201037613489
"461","24033800509",9898,449,0.95463730046474
"462","24033800511",5221,1665,0.681095575560237
"463","24033800513",5759,2806,0.512762632401459
"464","24033800514",5717,772,0.864964142032535
"465","24033800515",4190,1447,0.654653937947494
"466","24033800516",4006,1092,0.727408886669995
"467","24033800517",5674,583,0.897250616848784
"468","24033800518",3337,596,0.821396463889721
"469","24033800519",4026,1090,0.729259811227024
"470","24033800520",1840,46,0.975
"471","24033800601",2005,256,0.872319201995012
"472","24033800604",1652,135,0.918280871670702
"473","24033800605",5290,947,0.820982986767486
"474","24033800606",5386,268,0.950241366505756
"475","24033800607",6548,758,0.884239462431277
"476","24033800608",4526,216,0.952275740167919
"477","24033800701",5503,520,0.905506087588588
"478","24033800704",4908,487,0.900774246128769
"479","24033800705",4510,597,0.867627494456763
"480","24033800706",3781,428,0.886802433218725
"481","24033800707",2907,397,0.86343309253526
"482","24033800800",3545,2073,0.415232722143865
"483","24033800900",1565,766,0.510543130990415
"484","24033801003",5741,1684,0.706671311618185
"485","24033801004",4715,995,0.788971367974549
"486","24033801005",4028,666,0.834657398212512
"487","24033801006",3930,464,0.881933842239186
"488","24033801104",3226,1994,0.38189708617483
"489","24033801207",4799,676,0.859137320275057
"490","24033801208",4128,240,0.941860465116279
"491","24033801209",5297,342,0.935435151972815
"492","24033801210",4632,369,0.920336787564767
"493","24033801211",3284,582,0.822777101096224
"494","24033801212",3686,422,0.885512750949539
"495","24033801213",3577,273,0.923679060665362
"496","24033801214",4138,1040,0.748670855485742
"497","24033801215",2648,283,0.893126888217523
"498","24033801216",3403,387,0.886276814575375
"499","24033801217",3916,362,0.90755873340143
"500","24033801302",2624,1200,0.542682926829268
"501","24033801305",6059,872,0.856081861693349
"502","24033801307",3820,495,0.870418848167539
"503","24033801308",3820,315,0.917539267015707
"504","24033801309",3697,656,0.822558831484988
"505","24033801310",6383,1162,0.817953940153533
"506","24033801311",6524,625,0.904199877375843
"507","24033801312",3438,397,0.884525887143688
"508","24033801313",3309,543,0.835902085222122
"509","24033801404",4837,675,0.860450692578044
"510","24033801405",4681,988,0.788933988464003
"511","24033801406",2685,148,0.94487895716946
"512","24033801407",6287,635,0.898997932241133
"513","24033801408",3458,207,0.940138808559861
"514","24033801409",3099,236,0.923846402065182
"515","24033801410",3134,486,0.844926611359285
"516","24033801411",3174,471,0.851606805293006
"517","24033801500",2667,103,0.96137982752156
"518","24033801600",2475,121,0.951111111111111
"519","24033801701",4376,239,0.945383912248629
"520","24033801702",3939,174,0.955826351865956
"521","24033801704",5948,325,0.945359784801614
"522","24033801706",1536,110,0.928385416666667
"523","24033801707",6446,345,0.946478436239528
"524","24033801708",3357,184,0.945189156985404
"525","24033801801",2001,98,0.951024487756122
"526","24033801802",3341,35,0.98952409458246
"527","24033801804",2234,187,0.916293643688451
"528","24033801805",2214,165,0.925474254742547
"529","24033801807",4123,111,0.973077855930148
"530","24033801808",3990,174,0.956390977443609
"531","24033801901",4921,485,0.901442796179638
"532","24033801904",2974,440,0.852051109616678
"533","24033801905",5361,506,0.905614624137288
"534","24033801906",1813,504,0.722007722007722
"535","24033801907",2767,200,0.927719551861222
"536","24033801908",3224,107,0.96681141439206
"537","24033802001",5769,250,0.956664933263997
"538","24033802002",3735,20,0.994645247657296
"539","24033802103",3298,513,0.84445118253487
"540","24033802104",1728,195,0.887152777777778
"541","24033802106",3766,154,0.95910780669145
"542","24033802107",3411,52,0.984755203752565
"543","24033802201",1846,181,0.901950162513543
"544","24033802203",4472,814,0.817978533094812
"545","24033802204",6179,117,0.981064897232562
"546","24033802301",3654,149,0.959222769567597
"547","24033802404",3762,117,0.9688995215311
"548","24033802405",3918,101,0.974221541602859
"549","24033802406",2295,109,0.952505446623094
"550","24033802407",3577,235,0.934302488118535
"551","24033802408",1381,166,0.879797248370746
"552","24033802501",2658,36,0.986455981941309
"553","24033802502",2562,241,0.905932864949258
"554","24033802600",3143,96,0.96945593382119
"555","24033802700",2952,264,0.910569105691057
"556","24033802803",4896,127,0.97406045751634
"557","24033802804",5161,86,0.983336562681651
"558","24033802805",4785,124,0.974085684430512
"559","24033802901",4020,337,0.916169154228856
"560","24033803001",2915,559,0.808233276157804
"561","24033803002",2785,20,0.992818671454219
"562","24033803100",2844,79,0.972222222222222
"563","24033803200",2815,126,0.955239786856128
"564","24033803300",4586,524,0.885739206279983
"565","24033803401",1330,193,0.854887218045113
"566","24033803402",4534,62,0.986325540361711
"567","24033803508",4315,161,0.962688296639629
"568","24033803509",3074,167,0.945673389720234
"569","24033803512",6230,161,0.974157303370787
"570","24033803513",4785,96,0.979937304075235
"571","24033803514",4052,156,0.961500493583416
"572","24033803516",4821,335,0.930512341837793
"573","24033803519",5117,272,0.946843853820598
"574","24033803520",3945,478,0.878833967046895
"575","24033803521",5509,347,0.937012161916863
"576","24033803522",3560,217,0.939044943820225
"577","24033803523",4140,73,0.982367149758454
"578","24033803524",4029,86,0.978654753040457
"579","24033803525",2071,184,0.911154031868663
"580","24033803526",3255,116,0.964362519201229
"581","24033803527",3079,101,0.967197141929198
"582","24033803601",3793,92,0.97574479303981
"583","24033803602",2191,148,0.932450935645824
"584","24033803605",6946,2018,0.709473078030521
"585","24033803606",5579,1168,0.790643484495429
"586","24033803607",4022,1016,0.747389358528096
"587","24033803608",6179,1025,0.834115552678427
"588","24033803610",3342,554,0.834230999401556
"589","24033803612",3160,587,0.814240506329114
"590","24033803613",5155,737,0.857032007759457
"591","24033803700",2547,1136,0.553985080486847
"592","24033803801",2600,799,0.692692307692308
"593","24033803803",6111,1068,0.825233186057928
"594","24033803900",4115,1739,0.577399756986634
"595","24033804001",5056,652,0.871044303797468
"596","24033804002",4301,1064,0.752615670774239
"597","24033804101",3355,699,0.791654247391952
"598","24033804102",6145,1337,0.782424735557364
"599","24033804200",2855,1508,0.471803852889667
"600","24033804300",3294,491,0.850941105039466
"601","24033804400",2844,1293,0.545358649789029
"602","24033804600",3122,968,0.689942344650865
"603","24033804700",3570,1788,0.499159663865546
"604","24033804801",2330,365,0.843347639484979
"605","24033804802",2964,561,0.810728744939271
"606","24033804900",4098,365,0.910932162030259
"607","24033805000",5559,501,0.909875876956287
"608","24033805101",4152,584,0.859344894026975
"609","24033805201",4897,516,0.894629364917296
"610","24033805202",3878,347,0.910520887055183
"611","24033805500",4579,791,0.82725485913955
"612","24033805601",6723,1095,0.837126282909415
"613","24033805602",5922,875,0.852245862884161
"614","24033805700",6599,713,0.891953326261555
"615","24033805801",4745,416,0.912328767123288
"616","24033805802",4560,633,0.861184210526316
"617","24033805904",3074,913,0.702992843201041
"618","24033805906",3103,669,0.784402191427651
"619","24033805907",4055,392,0.903329223181258
"620","24033805908",2539,274,0.892083497439937
"621","24033805909",4793,1007,0.789901940329647
"622","24033806000",5521,1057,0.808549175873936
"623","24033806100",4262,1562,0.633505396527452
"624","24033806200",3781,1839,0.513620735255224
"625","24033806300",2089,967,0.537099090473911
"626","24033806400",3853,2753,0.285491824552297
"627","24033806501",5558,3465,0.376574307304786
"628","24033806601",4526,2386,0.472823685373398
"629","24033806602",5533,2080,0.62407373938189
"630","24033806706",3319,921,0.722506779150347
"631","24033806708",4108,2093,0.490506329113924
"632","24033806710",5646,937,0.834041799504074
"633","24033806711",5103,606,0.88124632569077
"634","24033806712",3613,356,0.901466924993081
"635","24033806713",3837,918,0.760750586395622
"636","24033806714",3785,1150,0.696169088507266
"637","24033806800",4129,2325,0.436909663356745
"638","24033806900",4406,2524,0.427144802541988
"639","24033807000",6372,3394,0.467357187696171
"640","24033807102",2483,1954,0.213048731373339
"641","24033807200",14953,9687,0.352170133083662
"642","24033807301",3644,1362,0.626234906695939
"643","24033807304",1968,780,0.603658536585366
"644","24033807305",3503,631,0.819868683985156
"645","24033807404",5091,2124,0.582793164407778
"646","24033807405",6240,3336,0.465384615384615
"647","24033807407",6561,1566,0.761316872427984
"648","24033807408",5677,2736,0.518055310903646
"649","24033807409",4063,833,0.794979079497908
"650","24033807410",4528,579,0.872128975265018
"651","24017850101",5830,1985,0.659519725557461
"652","24017850102",2400,1154,0.519166666666667
"653","24017850201",1184,814,0.3125
"654","24017850202",4917,2398,0.512304250559284
"655","24017850300",2395,1432,0.402087682672234
"656","24017850400",3998,2452,0.386693346673337
"657","24017850500",2851,2294,0.195370045598036
"658","24017850600",4772,2669,0.440695725062867
"659","24017850706",5746,1778,0.690567351200835
"660","24017850708",5332,1970,0.63053263315829
"661","24017850709",6625,1167,0.823849056603774
"662","24017850710",5444,1893,0.652277736958119
"663","24017850711",5150,1084,0.789514563106796
"664","24017850712",5464,2277,0.583272327964861
"665","24017850713",7435,3268,0.560457296570276
"666","24017850801",5114,2839,0.444857254595229
"667","24017850802",3919,1921,0.509823934677214
"668","24017850901",5564,1531,0.724838245866283
"669","24017850902",6662,3289,0.506304413089162
"670","24017850904",6767,1903,0.718782325993793
"671","24017850905",4389,1781,0.594212804739121
"672","24017850906",4601,1513,0.671158443816562
"673","24017851001",3535,2472,0.300707213578501
"674","24017851002",8957,6374,0.288377805068661
"675","24017851100",2475,1983,0.198787878787879
"676","24017851200",4667,3796,0.186629526462396
"677","24017851301",4818,4101,0.148816936488169
"678","24017851302",4371,3279,0.249828414550446
"679","24017851400",8967,6233,0.304895728783317
"680","24017851500",8405,2284,0.728256989886972
"681","24017990000",0,0,NA
"682","24027601103",6314,3525,0.4417168197656
"683","24027601104",6228,4168,0.330764290301863
"684","24027601105",4412,2635,0.402765185856754
"685","24027601107",5481,3094,0.435504469987229
"686","24027601108",3869,2144,0.445851641250969
"687","24027601201",8158,5412,0.336602108359892
"688","24027601203",4280,1609,0.624065420560748
"689","24027601204",5708,3713,0.349509460406447
"690","24027602100",7874,5955,0.243713487426975
"691","24027602201",3465,2364,0.317748917748918
"692","24027602202",5366,3982,0.257920238538949
"693","24027602302",7337,3981,0.45740765980646
"694","24027602303",3799,2191,0.423269281389839
"695","24027602304",4939,3312,0.32941891071067
"696","24027602305",3822,2826,0.260596546310832
"697","24027602306",5492,3817,0.304989075018208
"698","24027602600",6830,2633,0.614494875549048
"699","24027602700",5114,3893,0.238756355103637
"700","24027602800",6216,3350,0.461068211068211
"701","24027602900",4569,1891,0.586123878310352
"702","24027603001",5744,4010,0.301880222841226
"703","24027603003",4149,3437,0.171607616293083
"704","24027603004",7039,5568,0.208978548089217
"705","24027604001",6216,5772,0.0714285714285714
"706","24027604002",8148,7040,0.135984290623466
"707","24027605102",10267,7029,0.315379370799649
"708","24027605103",5063,4092,0.191783527552834
"709","24027605104",5179,3858,0.255068546051361
"710","24027605401",5136,2851,0.444898753894081
"711","24027605402",6545,3393,0.481588999236058
"712","24027605502",5529,3154,0.429553264604811
"713","24027605503",6654,2874,0.568079350766456
"714","24027605504",2748,1461,0.468340611353712
"715","24027605505",6021,3641,0.395283175552234
"716","24027605601",6536,3489,0.466187270501836
"717","24027605602",7477,4779,0.360839909054434
"718","24027606601",2929,2020,0.310344827586207
"719","24027606603",8062,3632,0.549491441329695
"720","24027606604",4454,2393,0.462730130220027
"721","24027606606",4828,1732,0.64125932062966
"722","24027606607",5439,2891,0.468468468468468
"723","24027606701",2850,2461,0.136491228070175
"724","24027606704",7294,3375,0.537290924047162
"725","24027606705",1944,1340,0.310699588477366
"726","24027606706",4981,2385,0.521180485846216
"727","24027606707",3785,1496,0.604755614266843
"728","24027606803",6040,3686,0.389735099337748
"729","24027606804",3468,2412,0.304498269896194
"730","24027606805",4254,2836,0.333333333333333
"731","24027606806",6861,4242,0.381722780935724
"732","24027606901",5830,2709,0.535334476843911
"733","24027606904",4718,1537,0.674226367104705
"734","24027606905",6795,3689,0.45710080941869
"735","24027606906",6013,3107,0.483286213204723
"736","24027606907",5846,1894,0.676017789941841
"737","24037875000",6954,5816,0.163646821972965
"738","24037875100",5319,4502,0.153600300808423
"739","24037875201",4914,4595,0.0649165649165649
"740","24037875202",6343,5569,0.122024278732461
"741","24037875300",3305,2703,0.1821482602118
"742","24037875400",6849,6094,0.110235070813257
"743","24037875500",9435,8155,0.135665076841547
"744","24037875600",9026,7323,0.188677154885885
"745","24037875700",7258,6714,0.0749517773491319
"746","24037875801",1488,1110,0.254032258064516
"747","24037875802",4176,3825,0.084051724137931
"748","24037875901",6810,4204,0.382672540381791
"749","24037875902",9133,4746,0.480345998029125
"750","24037876001",5189,2781,0.464058585469262
"751","24037876002",8588,5612,0.346530041918957
"752","24037876100",7629,6837,0.103814392449862
"753","24037876200",7198,6145,0.146290636287858
"754","24037990000",0,0,NA
"755","51510200102",4382,2303,0.47444089456869
"756","51510200103",8005,2753,0.656089943785134
"757","51510200104",3904,1921,0.507940573770492
"758","51510200105",4257,1108,0.739722809490251
"759","51510200106",3542,2252,0.364201016374929
"760","51510200107",6085,3875,0.363188167625308
"761","51510200201",3485,2628,0.245911047345768
"762","51510200202",1724,1508,0.125290023201856
"763","51510200301",3510,1685,0.51994301994302
"764","51510200302",4878,2484,0.490774907749078
"765","51510200303",5311,2839,0.465449067972133
"766","51510200403",1274,746,0.414442700156986
"767","51510200404",3689,2795,0.242342098129574
"768","51510200405",6857,2937,0.571678576637013
"769","51510200406",5663,1845,0.674200953558185
"770","51510200407",3867,2009,0.480475821049909
"771","51510200500",3943,1984,0.49682982500634
"772","51510200600",5214,2750,0.472573839662447
"773","51510200701",767,689,0.101694915254237
"774","51510200702",4839,3847,0.205001033271337
"775","51510200703",3033,2095,0.309264754368612
"776","51510200801",2757,2315,0.16031918752267
"777","51510200802",3330,2285,0.313813813813814
"778","51510200900",5027,4439,0.116968370797693
"779","51510201000",2711,2379,0.122464035411287
"780","51510201100",3334,2709,0.1874625074985
"781","51510201202",3068,2542,0.171447196870926
"782","51510201203",7285,5112,0.298284145504461
"783","51510201204",3611,2426,0.328163943505954
"784","51510201300",3503,2881,0.177562089637454
"785","51510201400",4008,3558,0.112275449101796
"786","51510201500",3807,3520,0.0753874441817705
"787","51510201600",4695,3178,0.323109691160809
"788","51510201801",6111,4634,0.241695303550974
"789","51510201802",2061,1418,0.311984473556526
"790","51510201900",1683,1495,0.111705288175876
"791","51510202001",2141,1984,0.0733302195235871
"792","51510202002",1954,1775,0.0916069600818833
"793","51013100100",5083,4423,0.129844579972457
"794","51013100200",6848,6296,0.080607476635514
"795","51013100300",6017,5636,0.0633205916569719
"796","51013100400",3919,3666,0.0645572850216892
"797","51013100500",4799,3833,0.201291935819963
"798","51013100600",3268,2647,0.190024479804162
"799","51013100700",5680,4381,0.228697183098592
"800","51013100800",1617,817,0.494743351886209
"801","51013100900",4755,3864,0.187381703470032
"802","51013101000",3274,2690,0.178375076359194
"803","51013101100",5772,5238,0.0925155925155925
"804","51013101200",4405,3119,0.291940976163451
"805","51013101300",6902,5551,0.195740365111562
"806","51013101401",1355,1102,0.186715867158672
"807","51013101402",3046,2352,0.227839789888378
"808","51013101403",5515,4299,0.220489573889393
"809","51013101404",4638,3467,0.252479517033204
"810","51013101500",7394,6287,0.149715985934541
"811","51013101601",1328,1077,0.189006024096386
"812","51013101602",1674,1324,0.209080047789725
"813","51013101603",3621,2655,0.266777133388567
"814","51013101701",3490,2743,0.214040114613181
"815","51013101702",4757,3291,0.308177422745428
"816","51013101703",1984,1664,0.161290322580645
"817","51013101801",2684,2132,0.205663189269747
"818","51013101802",6818,4594,0.326195365209739
"819","51013101803",4070,3169,0.221375921375921
"820","51013101900",3277,3010,0.0814769606347269
"821","51013102001",3240,1880,0.419753086419753
"822","51013102002",1479,932,0.369844489519946
"823","51013102003",3979,2470,0.379241015330485
"824","51013102100",2534,1713,0.323993685872139
"825","51013102200",7730,2632,0.659508408796895
"826","51013102301",1641,1320,0.195612431444241
"827","51013102302",4230,2911,0.311820330969267
"828","51013102400",3321,2511,0.24390243902439
"829","51013102500",5437,3921,0.278830237263197
"830","51013102600",3428,1980,0.422403733955659
"831","51013102701",3812,1284,0.663168940188877
"832","51013102702",2246,1441,0.358414959928762
"833","51013102801",8329,4052,0.513507023652299
"834","51013102802",1317,1145,0.130599848139711
"835","51013102901",2697,2325,0.137931034482759
"836","51013102902",4373,3203,0.26755088040247
"837","51013103000",3326,3010,0.0950090198436561
"838","51013103100",6823,3030,0.555913820899897
"839","51013103200",5519,3335,0.395723863018663
"840","51013103300",2331,1041,0.553410553410553
"841","51013103401",1020,818,0.198039215686274
"842","51013103402",5483,3682,0.328469815794273
"843","51013103501",3087,2083,0.325234855847101
"844","51013103502",3503,2331,0.334570368255781
"845","51013103503",3426,2419,0.293928779918272
"846","51013103601",2528,2226,0.119462025316456
"847","51013103602",1363,768,0.436537050623624
"848","51013103700",2596,2341,0.0982280431432974
"849","51013103800",5133,3221,0.372491720241574
"850","51013980100",16,16,0
"851","51013980200",8,8,0
"852","51059415100",3694,3123,0.154574986464537
"853","51059415200",3027,2633,0.130161876445325
"854","51059415300",3647,2446,0.329311763092953
"855","51059415401",5869,3172,0.459533140228318
"856","51059415402",2995,2009,0.329215358931553
"857","51059415500",6067,4385,0.277237514422285
"858","51059415600",2776,2595,0.0652017291066282
"859","51059415700",3810,3479,0.0868766404199475
"860","51059415800",5004,4480,0.104716227018385
"861","51059415900",3201,2377,0.257419556388629
"862","51059416000",5725,3523,0.384628820960699
"863","51059416100",3713,2990,0.194721249663345
"864","51059416200",5367,3035,0.434507173467486
"865","51059416300",1983,1823,0.0806858295511851
"866","51059420100",3724,1942,0.478517722878625
"867","51059420201",4008,1903,0.525199600798403
"868","51059420202",2068,1392,0.326885880077369
"869","51059420203",2591,1838,0.290621381705905
"870","51059420300",5744,3779,0.342096100278552
"871","51059420400",3370,1721,0.489317507418398
"872","51059420501",1745,1248,0.284813753581662
"873","51059420502",1920,1047,0.4546875
"874","51059420503",3027,1693,0.440700363396102
"875","51059420600",4491,2216,0.506568692941438
"876","51059420700",4199,3046,0.274589187901881
"877","51059420800",4093,2447,0.402150012215978
"878","51059421001",2916,1539,0.472222222222222
"879","51059421002",5008,2574,0.486022364217252
"880","51059421101",6354,3564,0.439093484419263
"881","51059421102",4221,2667,0.368159203980099
"882","51059421103",5020,3192,0.364143426294821
"883","51059421200",2093,1772,0.153368370759675
"884","51059421300",3962,2800,0.293286219081272
"885","51059421400",8796,2878,0.672805820827649
"886","51059421500",6858,3243,0.527121609798775
"887","51059421600",6486,2851,0.560437866173296
"888","51059421701",5352,1907,0.643684603886398
"889","51059421702",4236,1880,0.5561850802644
"890","51059421800",6392,2947,0.5389549436796
"891","51059421900",3234,1933,0.402288188002474
"892","51059422000",3805,2039,0.464126149802891
"893","51059422101",6874,2806,0.591795170206576
"894","51059422102",7111,2073,0.708479819997187
"895","51059422201",3463,1593,0.539994224660699
"896","51059422202",5740,1940,0.662020905923345
"897","51059422301",3081,1929,0.373904576436222
"898","51059422302",5394,3435,0.363181312569522
"899","51059422401",2352,1416,0.397959183673469
"900","51059422402",5182,3085,0.404670011578541
"901","51059422403",2618,2107,0.195187165775401
"902","51059430101",4711,3845,0.183825090214392
"903","51059430102",3013,1441,0.521739130434783
"904","51059430201",4204,3096,0.263558515699334
"905","51059430202",5237,3912,0.253007447011648
"906","51059430203",2721,1917,0.2954796030871
"907","51059430400",7127,4725,0.337028202609794
"908","51059430500",1747,1285,0.264453348597596
"909","51059430600",7406,3612,0.512287334593573
"910","51059430700",3064,1696,0.446475195822454
"911","51059430801",4590,3583,0.219389978213508
"912","51059430802",4007,2958,0.261791864237584
"913","51059430901",4312,2395,0.444573283858998
"914","51059430902",3690,2235,0.394308943089431
"915","51059431001",5069,3172,0.374235549418031
"916","51059431002",2097,942,0.550786838340486
"917","51059431300",4233,3079,0.272619891330026
"918","51059431400",4702,2776,0.409612930667801
"919","51059431500",5286,4021,0.239311388573591
"920","51059431600",7710,4719,0.387937743190661
"921","51059431801",4291,3150,0.265905383360522
"922","51059431802",3308,2279,0.311064087061669
"923","51059431900",3083,2174,0.294842685695751
"924","51059432000",3532,2382,0.32559456398641
"925","51059432100",3682,2826,0.232482346550788
"926","51059432201",2505,1384,0.44750499001996
"927","51059432202",4798,3129,0.347853272196749
"928","51059432300",5232,3691,0.294533639143731
"929","51059432401",3720,2840,0.236559139784946
"930","51059432402",5182,4102,0.208413739868777
"931","51059432500",5498,4345,0.209712622771917
"932","51059432600",4666,3443,0.262108872696099
"933","51059432701",3312,2278,0.31219806763285
"934","51059432702",4453,2413,0.458118122613968
"935","51059432800",2289,1361,0.405417212756662
"936","51059440100",7531,5686,0.244987385473377
"937","51059440201",2612,1288,0.506891271056662
"938","51059440202",6107,3607,0.409366300966104
"939","51059440300",2776,2190,0.211095100864553
"940","51059440501",5197,3784,0.271887627477391
"941","51059440502",7774,4883,0.371880627733471
"942","51059440600",3184,2224,0.301507537688442
"943","51059440701",3115,2335,0.250401284109149
"944","51059440702",5712,4358,0.237044817927171
"945","51059440800",6618,5015,0.242218192807495
"946","51059450100",5231,3030,0.420760848786083
"947","51059450200",4488,2375,0.470811051693405
"948","51059450300",4775,2822,0.409005235602094
"949","51059450400",2854,2115,0.258934828311142
"950","51059450500",3300,2003,0.393030303030303
"951","51059450601",4343,2629,0.394658070458209
"952","51059450602",4430,2007,0.546952595936795
"953","51059450701",2989,1664,0.443292070926731
"954","51059450702",4544,2571,0.434198943661972
"955","51059450800",3681,2194,0.403966313501766
"956","51059450900",1702,1339,0.213278495887191
"957","51059451000",2576,2011,0.219332298136646
"958","51059451100",2309,1728,0.251624079688177
"959","51059451200",1861,1521,0.182697474476088
"960","51059451300",2468,1886,0.23581847649919
"961","51059451400",3538,1829,0.48304126625212
"962","51059451501",5263,2607,0.50465513965419
"963","51059451502",5642,3111,0.448599787309465
"964","51059451601",6420,2691,0.580841121495327
"965","51059451602",2699,1462,0.458317895516858
"966","51059451800",3716,2497,0.328040904198062
"967","51059451900",5181,3341,0.355143794634241
"968","51059452000",2788,1594,0.428263988522238
"969","51059452101",5256,2484,0.527397260273973
"970","51059452102",3766,2006,0.467339352097716
"971","51059452200",7067,3815,0.460166973255978
"972","51059452301",3525,1746,0.50468085106383
"973","51059452302",5067,2681,0.470890073021512
"974","51059452400",7039,3198,0.545674101434863
"975","51059452501",3937,2379,0.395732791465583
"976","51059452502",5430,2061,0.620441988950276
"977","51059452600",7109,3480,0.510479673653116
"978","51059452700",5436,2279,0.580757910228109
"979","51059452801",5955,3259,0.452728799328296
"980","51059452802",3118,2134,0.315586914688903
"981","51059460100",4630,3237,0.300863930885529
"982","51059460200",4264,3691,0.1343808630394
"983","51059460300",2938,2576,0.123213070115725
"984","51059460400",4900,3234,0.34
"985","51059460501",2677,1885,0.295853567426223
"986","51059460502",7768,4174,0.462667353244078
"987","51059460600",4165,3161,0.241056422569028
"988","51059460701",3516,2525,0.281854379977247
"989","51059460702",4514,3642,0.193176783340718
"990","51059460800",3285,2696,0.179299847792998
"991","51059460900",2557,2010,0.213922565506453
"992","51059461000",2469,1783,0.277845281490482
"993","51059461100",7733,5899,0.237165395060132
"994","51059461201",4525,3801,0.16
"995","51059461202",5736,2685,0.531903765690377
"996","51059461500",6438,4064,0.368748058403231
"997","51059461601",6649,4030,0.393893818619341
"998","51059461602",4982,1937,0.611200321156162
"999","51059461700",6855,3564,0.480087527352298
"1000","51059461801",1477,805,0.454976303317536
"1001","51059461802",5516,3538,0.35859318346628
"1002","51059461901",4200,2094,0.501428571428571
"1003","51059461902",1939,904,0.533780299123259
"1004","51059470100",2913,2359,0.190181943014075
"1005","51059470300",3298,2644,0.198302001212856
"1006","51059470400",4524,4004,0.114942528735632
"1007","51059470500",5620,4018,0.285053380782918
"1008","51059470600",2659,1953,0.265513350883791
"1009","51059470700",5716,4264,0.254023792862141
"1010","51059470800",3092,2209,0.285575679172057
"1011","51059470900",6891,5657,0.179074154694529
"1012","51059471000",2102,1631,0.22407231208373
"1013","51059471100",6872,4557,0.336874272409779
"1014","51059471201",3404,1940,0.430082256169213
"1015","51059471202",5077,3689,0.273389797124286
"1016","51059471301",4560,2521,0.447149122807018
"1017","51059471303",4261,2433,0.429007275287491
"1018","51059471304",1912,1623,0.151150627615063
"1019","51059471401",3945,2415,0.387832699619772
"1020","51059471402",3419,2004,0.413863702837087
"1021","51059480100",4354,3663,0.158704639412035
"1022","51059480201",4500,3389,0.246888888888889
"1023","51059480202",3893,2336,0.399948625738505
"1024","51059480203",2281,1193,0.476983779044279
"1025","51059480300",7016,5553,0.208523375142531
"1026","51059480401",4269,2991,0.299367533380183
"1027","51059480402",6324,4389,0.305977229601518
"1028","51059480501",3450,2618,0.241159420289855
"1029","51059480502",5860,4739,0.191296928327645
"1030","51059480503",3436,2727,0.206344586728754
"1031","51059480504",2042,1809,0.114103819784525
"1032","51059480505",3289,2703,0.178169656430526
"1033","51059480801",5697,3184,0.441109355801299
"1034","51059480802",3544,2000,0.435665914221219
"1035","51059480901",7416,3685,0.503101402373247
"1036","51059480902",3534,2342,0.337294850028297
"1037","51059480903",4193,2236,0.466730264726926
"1038","51059481000",6327,2841,0.550972024656235
"1039","51059481101",2485,716,0.711871227364185
"1040","51059481102",3598,1268,0.647581989994441
"1041","51059481103",3378,1351,0.600059206631143
"1042","51059481104",2896,932,0.678176795580111
"1043","51059481105",5365,2893,0.46076421248835
"1044","51059481106",5603,4188,0.252543280385508
"1045","51059481201",1240,938,0.243548387096774
"1046","51059481202",6467,3790,0.413947734652853
"1047","51059481400",6536,4915,0.248011015911873
"1048","51059481500",2289,1890,0.174311926605505
"1049","51059481600",3455,3160,0.085383502170767
"1050","51059481701",6185,5109,0.173969280517381
"1051","51059481702",4824,3476,0.279436152570481
"1052","51059481900",5900,4089,0.306949152542373
"1053","51059482001",4998,3928,0.214085634253702
"1054","51059482002",3580,3006,0.160335195530726
"1055","51059482100",3598,2467,0.314341300722624
"1056","51059482201",2622,1656,0.368421052631579
"1057","51059482202",3144,2284,0.2735368956743
"1058","51059482203",3941,3120,0.208322760720629
"1059","51059482301",4849,4132,0.147865539286451
"1060","51059482302",4393,2389,0.456180286819941
"1061","51059482303",3508,3013,0.141106043329532
"1062","51059482400",2369,1966,0.170113972140144
"1063","51059482501",8781,3141,0.642295866074479
"1064","51059482502",3239,2190,0.32386539055264
"1065","51059482503",5154,3017,0.414629414047342
"1066","51059482504",5531,3863,0.301572952449828
"1067","51059482601",7432,4747,0.361275565123789
"1068","51059482602",7114,3648,0.487208321619342
"1069","51059490101",5299,3671,0.307227778826194
"1070","51059490103",5875,4372,0.255829787234043
"1071","51059490501",2940,1643,0.441156462585034
"1072","51059490502",6347,4137,0.348195998109343
"1073","51059491000",2009,1531,0.237929318068691
"1074","51059491101",3792,2952,0.221518987341772
"1075","51059491102",3363,2426,0.27862027951234
"1076","51059491103",6808,3480,0.488836662749706
"1077","51059491201",5900,3450,0.415254237288136
"1078","51059491202",1604,564,0.648379052369077
"1079","51059491301",6780,3482,0.486430678466077
"1080","51059491302",3870,1870,0.516795865633075
"1081","51059491303",4473,1632,0.63514419852448
"1082","51059491401",5116,2432,0.524628616106333
"1083","51059491402",4782,2627,0.45064826432455
"1084","51059491403",4015,3075,0.23412204234122
"1085","51059491404",3824,2194,0.426255230125523
"1086","51059491405",2879,2330,0.190691212226468
"1087","51059491501",7437,2329,0.686836089821165
"1088","51059491502",6509,4331,0.334613611921954
"1089","51059491601",4622,2324,0.497187364777153
"1090","51059491602",5956,2995,0.497145735392881
"1091","51059491701",3720,2556,0.312903225806452
"1092","51059491702",8115,4345,0.464571780653112
"1093","51059491703",4869,2275,0.532758266584514
"1094","51059491704",5286,3010,0.430571320469164
"1095","51059491705",3352,1318,0.606801909307876
"1096","51059491801",2352,948,0.596938775510204
"1097","51059491802",2924,2278,0.220930232558139
"1098","51059491803",6494,4296,0.338466276562981
"1099","51059492000",5996,4992,0.167444963308873
"1100","51059492100",6517,5520,0.152984502071505
"1101","51059492201",2882,2271,0.212005551700208
"1102","51059492202",6848,5195,0.241384345794392
"1103","51059492203",4151,3314,0.201638159479643
"1104","51059492300",3242,2146,0.338062924120913
"1105","51059492400",4639,2845,0.386721276137099
"1106","51059492500",4226,3686,0.127780407004259
"1107","51059980100",0,0,NA
"1108","51059980200",0,0,NA
"1109","51059980300",0,0,NA
"1110","51600300100",5307,3567,0.327868852459016
"1111","51600300200",4997,3683,0.262957774664799
"1112","51600300300",5512,3725,0.324201741654572
"1113","51600300400",3836,2458,0.359228362877998
"1114","51600300500",3750,2830,0.245333333333333
"1115","51047930101",4546,3811,0.161680598328201
"1116","51047930102",8090,7102,0.1221260815822
"1117","51047930201",7339,6192,0.156288322659763
"1118","51047930202",6201,5299,0.145460409611353
"1119","51047930300",6223,3553,0.429053511168247
"1120","51047930400",5077,4040,0.204254480992712
"1121","51047930501",5372,3769,0.298399106478034
"1122","51047930502",5576,3652,0.345050215208034
"1123","51107610101",4255,3926,0.0773207990599295
"1124","51107610102",3560,3357,0.0570224719101123
"1125","51107610201",4748,4374,0.0787700084245998
"1126","51107610202",4787,4347,0.0919156047628995
"1127","51107610300",7473,6666,0.107988759534324
"1128","51107610400",5034,4200,0.165673420738975
"1129","51107610503",7625,5046,0.338229508196721
"1130","51107610504",7610,5937,0.219842312746386
"1131","51107610505",5959,4199,0.295351569055211
"1132","51107610506",6172,3357,0.456092028515878
"1133","51107610507",6718,5209,0.224620422744864
"1134","51107610601",7624,6587,0.136017838405037
"1135","51107610602",2433,1888,0.22400328812166
"1136","51107610603",2887,2332,0.192241080706616
"1137","51107610604",7769,5932,0.236452567898056
"1138","51107610701",5287,5023,0.0499337998865141
"1139","51107610702",6562,5804,0.115513562938129
"1140","51107610703",4557,4023,0.117182356813693
"1141","51107610800",5043,4631,0.0816974023398771
"1142","51107610900",2280,1796,0.212280701754386
"1143","51107611002",5195,2468,0.52492781520693
"1144","51107611004",8089,5775,0.286067499072815
"1145","51107611005",5674,4182,0.26295382446246
"1146","51107611006",5625,3705,0.341333333333333
"1147","51107611009",5072,3504,0.309148264984227
"1148","51107611010",1462,1248,0.146374829001368
"1149","51107611011",3707,1908,0.485298084704613
"1150","51107611012",4658,3019,0.35186775440103
"1151","51107611013",4185,2769,0.338351254480287
"1152","51107611014",5727,4266,0.255107386066003
"1153","51107611015",2315,1276,0.448812095032397
"1154","51107611016",3022,2379,0.21277299801456
"1155","51107611017",3022,2049,0.321972203838518
"1156","51107611018",2530,1440,0.430830039525692
"1157","51107611019",6160,4311,0.300162337662338
"1158","51107611020",5819,3202,0.449733631208111
"1159","51107611021",7421,3400,0.541840722274626
"1160","51107611022",6506,3605,0.445896095911466
"1161","51107611023",6151,4737,0.229881320110551
"1162","51107611024",6548,5057,0.227703115455101
"1163","51107611025",8786,5334,0.392897791941725
"1164","51107611101",4210,2941,0.301425178147268
"1165","51107611102",6275,5099,0.187410358565737
"1166","51107611202",4735,3638,0.231678986272439
"1167","51107611204",5972,3740,0.373744139316812
"1168","51107611205",6124,3144,0.486610058785108
"1169","51107611206",4186,2882,0.311514572384138
"1170","51107611207",4398,3017,0.314006366530241
"1171","51107611208",4610,2800,0.392624728850325
"1172","51107611209",6786,5227,0.229737695254937
"1173","51107611300",5934,3012,0.492416582406471
"1174","51107611400",5515,3313,0.399274705349048
"1175","51107611501",3248,1596,0.508620689655172
"1176","51107611502",6251,4016,0.357542793153095
"1177","51107611601",4286,2622,0.388240783947737
"1178","51107611602",3929,2183,0.444387884958005
"1179","51107611700",6473,3115,0.518770276533292
"1180","51107611801",6741,3840,0.43035157988429
"1181","51107611802",10417,4656,0.553038302774311
"1182","51107611803",6598,4055,0.385419824189148
"1183","51107611804",5708,3274,0.426419060967064
"1184","51107611805",4718,3351,0.289741415854175
"1185","51107611806",8957,4827,0.461091883443117
"1186","51107611900",9001,3345,0.628374625041662
"1187","51107980100",0,0,NA
"1188","51630000100",3148,2611,0.170584498094028
"1189","51630000200",6626,4570,0.310292785994567
"1190","51630000301",2360,1933,0.180932203389831
"1191","51630000302",4709,3487,0.259503079210023
"1192","51630000400",3364,1502,0.553507728894174
"1193","51630000500",7188,3879,0.460350584307179
"1194","51187020100",8781,8272,0.0579660630907641
"1195","51187020200",2807,2701,0.0377627360171001
"1196","51187020300",6719,6198,0.0775413007888078
"1197","51187020400",4334,3735,0.138209506229811
"1198","51187020500",4312,3313,0.231679035250464
"1199","51187020601",5764,5324,0.0763358778625954
"1200","51187020602",2793,2431,0.129609738632295
"1201","51187020700",2971,2957,0.00471221810838096
"1202","51683910100",4299,3363,0.217725052337753
"1203","51683910201",4499,3907,0.131584796621471
"1204","51683910202",8177,5492,0.328360034242387
"1205","51683910301",4938,3511,0.288983394086675
"1206","51683910302",5854,3809,0.349333788862316
"1207","51683910401",7295,5127,0.297189856065799
"1208","51683910402",5681,3895,0.31438127090301
"1209","51685920100",7069,5225,0.260857264110907
"1210","51685920200",8556,4998,0.415848527349229
"1211","51153900100",3342,2128,0.363255535607421
"1212","51153900201",2162,1471,0.319611470860314
"1213","51153900202",4418,2937,0.335219556360344
"1214","51153900203",5058,2287,0.547844998022934
"1215","51153900300",8387,4078,0.513771312745916
"1216","51153900403",5054,2036,0.597150771666007
"1217","51153900404",5736,3375,0.411610878661088
"1218","51153900407",6575,2561,0.610494296577947
"1219","51153900408",4617,1806,0.608836907082521
"1220","51153900409",4923,2452,0.501929717651838
"1221","51153900410",5193,2032,0.608704024648565
"1222","51153900501",7930,5010,0.368221941992434
"1223","51153900502",3125,1343,0.57024
"1224","51153900600",7524,4985,0.337453482190324
"1225","51153900701",6218,2035,0.672724348665166
"1226","51153900702",8063,4316,0.4647153664889
"1227","51153900801",5924,2407,0.593686698176908
"1228","51153900802",7311,2406,0.670906852687731
"1229","51153900901",5565,2205,0.60377358490566
"1230","51153900904",5542,2208,0.601587874413569
"1231","51153900905",5392,2682,0.50259643916914
"1232","51153901001",6942,3894,0.439066551426102
"1233","51153901005",5216,3093,0.407016871165644
"1234","51153901008",8329,2569,0.691559610997719
"1235","51153901009",7053,5333,0.243867857649227
"1236","51153901010",4310,2861,0.336194895591647
"1237","51153901011",5490,3012,0.451366120218579
"1238","51153901012",3043,2055,0.324679592507394
"1239","51153901100",6469,4438,0.3139588808162
"1240","51153901203",4730,2529,0.465327695560254
"1241","51153901208",3230,2569,0.204643962848297
"1242","51153901209",6371,3865,0.393344843823576
"1243","51153901211",4431,2402,0.457910178289325
"1244","51153901212",8513,1914,0.775167391048984
"1245","51153901219",5328,4410,0.172297297297297
"1246","51153901221",5310,3278,0.382674199623352
"1247","51153901222",2721,1948,0.284086732818817
"1248","51153901223",6326,4398,0.304773948782801
"1249","51153901224",4074,3129,0.231958762886598
"1250","51153901225",4633,2786,0.398661774228362
"1251","51153901226",5900,2626,0.554915254237288
"1252","51153901227",5489,3242,0.409364182911277
"1253","51153901228",6342,3776,0.404604225796279
"1254","51153901229",4338,1996,0.539880129091747
"1255","51153901230",4513,2640,0.415023266120098
"1256","51153901231",6168,4891,0.207036316472114
"1257","51153901232",5100,3443,0.324901960784314
"1258","51153901233",6928,5691,0.178550808314088
"1259","51153901234",2759,2222,0.194635737586082
"1260","51153901235",3419,1974,0.422638198303598
"1261","51153901236",5065,3167,0.374728529121422
"1262","51153901237",3624,1732,0.522075055187638
"1263","51153901303",4983,3837,0.22998193859121
"1264","51153901304",2388,2155,0.097571189279732
"1265","51153901305",3041,2665,0.123643538309766
"1266","51153901306",5829,4976,0.146337279121633
"1267","51153901403",6083,3914,0.356567483149762
"1268","51153901407",3842,2868,0.25351379489849
"1269","51153901408",7203,3874,0.462168540885742
"1270","51153901409",6627,4838,0.269956239625773
"1271","51153901410",8306,5708,0.312785937876234
"1272","51153901411",5828,4418,0.241935483870968
"1273","51153901412",7711,5264,0.317338866554273
"1274","51153901413",4407,3446,0.218062173814386
"1275","51153901414",5196,3680,0.291762894534257
"1276","51153901415",4162,3079,0.260211436809226
"1277","51153901416",5205,3731,0.283189241114313
"1278","51153901417",2250,2141,0.0484444444444444
"1279","51153901503",5666,5030,0.112248499823509
"1280","51153901504",3633,2926,0.194605009633911
"1281","51153901505",7448,5210,0.300483351235231
"1282","51153901506",5306,3373,0.364304560874482
"1283","51153901507",2748,2017,0.266011644832606
"1284","51153901508",4711,3217,0.31713012099342
"1285","51153901509",5376,4702,0.125372023809524
"1286","51153901510",5286,3699,0.300227014755959
"1287","51153901511",2877,2361,0.179353493222106
"1288","51153901601",3837,2838,0.260359655981235
"1289","51153901602",8521,5806,0.318624574580448
"1290","51153901701",7728,4646,0.398809523809524
"1291","51153901702",4267,3311,0.22404499648465
"1292","51153901900",6583,4325,0.343004709099195
"1293","51153980100",0,0,NA
"1294","51610500100",3318,3056,0.078963230861965
"1295","51610500200",5679,3927,0.308505018489171
"1296","51610500300",4311,3349,0.223150081187659
"1297","51179010103",3811,2717,0.287063762791918
"1298","51179010105",7035,4504,0.359772565742715
"1299","51179010106",3128,2751,0.120524296675192
"1300","51179010107",3318,2738,0.174804098854732
"1301","51179010108",5811,3581,0.383754947513337
"1302","51179010201",2225,1723,0.22561797752809
"1303","51179010202",6169,5239,0.150753768844221
"1304","51179010204",8782,6429,0.267934411295832
"1305","51179010205",6950,5205,0.251079136690648
"1306","51179010206",5328,3369,0.36768018018018
"1307","51179010207",8299,3869,0.533799252922039
"1308","51179010210",7681,3831,0.50123681812264
"1309","51179010211",4382,2203,0.497261524418074
"1310","51179010212",4540,3160,0.303964757709251
"1311","51179010213",2511,1856,0.260852250099562
"1312","51179010214",4040,3004,0.256435643564356
"1313","51179010301",4164,3367,0.191402497598463
"1314","51179010303",9911,6857,0.308142467964888
"1315","51179010304",5633,3893,0.308894017397479
"1316","51179010305",6202,3650,0.411480167687843
"1317","51179010403",3150,2486,0.210793650793651
"1318","51179010404",6257,4825,0.228863672686591
"1319","51179010405",6568,5403,0.17737515225335
"1320","51179010406",3014,2248,0.254147312541473
"1321","51179010502",4504,3818,0.152309058614565
"1322","51179010503",2146,2012,0.0624417520969245
"1323","51179010504",1586,1444,0.0895334174022698
"1324","51061930100",5303,4712,0.111446351122006
"1325","51061930203",2633,2231,0.152677554120775
"1326","51061930204",3358,2929,0.127754615842764
"1327","51061930205",1828,1548,0.153172866520788
"1328","51061930206",2212,1950,0.118444846292948
"1329","51061930207",1619,1365,0.156886967263743
"1330","51061930302",7562,6346,0.160804020100503
"1331","51061930303",3520,3198,0.0914772727272727
"1332","51061930304",2621,2432,0.0721098817245326
"1333","51061930401",5546,5023,0.0943021997836279
"1334","51061930402",5904,5431,0.0801151761517616
"1335","51061930403",6627,5696,0.140485891051758
"1336","51061930703",2831,2408,0.149417167078771
"1337","51061930704",4064,3454,0.15009842519685
"1338","51061930705",3674,3193,0.130919978225367
"1339","51061930706",5882,4910,0.1652499149949
"1340","51061930707",2279,2055,0.0982887231241772
"1341","51840000100",7334,5521,0.247204799563676
"1342","51840000201",3513,2971,0.154284087674352
"1343","51840000202",5571,4737,0.149703823371028
"1344","51840000301",4864,3629,0.25390625
"1345","51840000302",5886,5051,0.14186204553177
"1346","51069050100",4292,3978,0.0731593662628145
"1347","51069050200",3980,3908,0.0180904522613066
"1348","51069050300",6357,5733,0.098159509202454
"1349","51069050400",6463,6293,0.0263035741915519
"1350","51069050500",5232,4956,0.0527522935779816
"1351","51069050600",4538,4120,0.0921110621419128
"1352","51069050700",2982,2722,0.0871898054996647
"1353","51069050801",4062,3621,0.108567208271787
"1354","51069050802",7253,6747,0.0697642354887633
"1355","51069050803",7179,6193,0.137345034127316
"1356","51069050900",4308,3624,0.158774373259053
"1357","51069051000",10196,9198,0.0978815221655551
"1358","51069051101",7829,7160,0.0854515263762933
"1359","51069051102",6669,5919,0.112460638776428
"1360","51043010100",8420,7199,0.145011876484561
"1361","51043010200",2873,2496,0.131221719457014
"1362","51043010300",3006,2993,0.00432468396540253
"1363","51177020104",4969,4089,0.177098007647414
"1364","51177020105",2249,2091,0.0702534459759894
"1365","51177020106",5167,4452,0.138378169150377
"1366","51177020107",1888,1646,0.128177966101695
"1367","51177020108",4152,2592,0.375722543352601
"1368","51177020109",3511,2796,0.203645684990031
"1369","51177020110",4086,2882,0.294664708761625
"1370","51177020111",2239,1520,0.321125502456454
"1371","51177020112",2786,1894,0.320172290021536
"1372","51177020113",4314,3615,0.162030598052851
"1373","51177020114",5627,3862,0.313666251999289
"1374","51177020201",6019,3708,0.383950822395747
"1375","51177020202",4971,3615,0.272782136391068
"1376","51177020203",5092,3257,0.360369206598586
"1377","51177020204",4138,3260,0.212179797003383
"1378","51177020205",4768,3286,0.310822147651007
"1379","51177020304",4478,2999,0.330281375614113
"1380","51177020305",3533,2364,0.330880271723748
"1381","51177020306",6036,3272,0.45791915175613
"1382","51177020307",3944,2141,0.457150101419878
"1383","51177020308",3961,3336,0.157788437263317
"1384","51177020309",6349,4492,0.292487005827689
"1385","51177020310",4469,3411,0.236742000447527
"1386","51177020311",5603,4031,0.280563983580225
"1387","51177020403",4061,3501,0.137897069687269
"1388","51177020404",3950,3551,0.101012658227848
"1389","51177020405",3789,3087,0.185273159144893
"1390","51177020406",3540,3197,0.0968926553672317
"1391","51177020407",5245,4454,0.150810295519542
"1392","51177020408",2757,2418,0.122959738846572
"1393","11001000100",5209,4784,0.0815895565367633
"1394","11001000201",3685,2653,0.280054274084125
"1395","11001000202",4817,4082,0.152584596221715
"1396","11001000300",6095,5149,0.155209187858901
"1397","11001000400",1578,1265,0.198352344740177
"1398","11001000501",3502,2855,0.184751570531125
"1399","11001000502",2973,2560,0.138916918937101
"1400","11001000600",4722,3824,0.190173655230834
"1401","11001000701",5245,4030,0.23164918970448
"1402","11001000702",3316,2779,0.161942098914355
"1403","11001000801",6575,5215,0.206844106463878
"1404","11001000802",3153,2350,0.254678084364098
"1405","11001000901",7790,6400,0.178433889602054
"1406","11001000902",2455,2193,0.106720977596741
"1407","11001001001",7894,6587,0.165568786420066
"1408","11001001002",3497,2780,0.205032885330283
"1409","11001001100",4817,3820,0.206975295827278
"1410","11001001200",4908,3967,0.191727791361043
"1411","11001001301",4016,3152,0.215139442231076
"1412","11001001302",7591,5702,0.248847319193782
"1413","11001001401",3369,2740,0.186702285544672
"1414","11001001402",3328,2414,0.274639423076923
"1415","11001001500",6350,5247,0.173700787401575
"1416","11001001600",4175,1114,0.733173652694611
"1417","11001001702",3083,1265,0.589685371391502
"1418","11001001803",4042,374,0.907471548738248
"1419","11001001804",5619,970,0.827371418401851
"1420","11001001901",3997,648,0.837878408806605
"1421","11001001902",2337,281,0.879760376551134
"1422","11001002001",2848,843,0.704002808988764
"1423","11001002002",3911,1014,0.740731270774738
"1424","11001002101",5859,556,0.90510325994197
"1425","11001002102",4921,551,0.888030888030888
"1426","11001002201",3704,395,0.893358531317495
"1427","11001002202",3974,291,0.926774031202818
"1428","11001002301",3220,780,0.757763975155279
"1429","11001002302",1711,669,0.609000584453536
"1430","11001002400",4257,1034,0.757105943152455
"1431","11001002501",2648,982,0.629154078549849
"1432","11001002502",5852,1691,0.711038961038961
"1433","11001002600",2573,1327,0.484259619121648
"1434","11001002701",5428,3635,0.330324244657332
"1435","11001002702",6300,4233,0.328095238095238
"1436","11001002801",4033,1193,0.704190428961071
"1437","11001002802",4750,2222,0.532210526315789
"1438","11001002900",4567,2224,0.513028246113422
"1439","11001003000",3534,1602,0.546689303904924
"1440","11001003100",3350,1229,0.633134328358209
"1441","11001003200",4997,1821,0.635581348809286
"1442","11001003301",3619,1781,0.507875103619784
"1443","11001003302",2338,965,0.587254063301967
"1444","11001003400",4716,1331,0.717769296013571
"1445","11001003500",5603,1157,0.793503480278422
"1446","11001003600",5036,2719,0.460087370929309
"1447","11001003700",5860,2723,0.535324232081911
"1448","11001003800",4969,3484,0.298852887905011
"1449","11001003900",4492,3493,0.222395369545859
"1450","11001004001",4120,3498,0.150970873786408
"1451","11001004002",2998,2570,0.142761841227485
"1452","11001004100",2759,2283,0.172526277636825
"1453","11001004201",3625,2966,0.181793103448276
"1454","11001004202",2635,2145,0.18595825426945
"1455","11001004300",3720,2377,0.361021505376344
"1456","11001004400",5702,4089,0.282883198877587
"1457","11001004600",2947,1014,0.65592127587377
"1458","11001004701",4478,801,0.821125502456454
"1459","11001004702",2558,1383,0.459343236903831
"1460","11001004801",2223,861,0.612685560053981
"1461","11001004802",3548,1145,0.67728297632469
"1462","11001004901",2600,1125,0.567307692307692
"1463","11001004902",2842,1468,0.483462350457424
"1464","11001005001",2116,1492,0.294896030245747
"1465","11001005002",6051,3369,0.443232523549826
"1466","11001005201",6224,4884,0.215295629820051
"1467","11001005301",4999,4053,0.189237847569514
"1468","11001005500",6632,4985,0.248341375150784
"1469","11001005600",6964,5286,0.24095347501436
"1470","11001005800",2781,1858,0.331895001797914
"1471","11001005900",2882,1749,0.393129770992366
"1472","11001006202",117,66,0.435897435897436
"1473","11001006400",2130,209,0.9018779342723
"1474","11001006500",2583,2144,0.169957413859853
"1475","11001006600",1904,1688,0.113445378151261
"1476","11001006700",4213,3382,0.197246617612153
"1477","11001006801",2017,755,0.625681705503223
"1478","11001006802",2342,1296,0.446626814688301
"1479","11001006804",2949,105,0.964394710071211
"1480","11001006900",2181,1543,0.292526364053187
"1481","11001007000",2794,2104,0.246957766642806
"1482","11001007100",3064,1177,0.615861618798956
"1483","11001007200",4584,3183,0.305628272251309
"1484","11001007301",4002,2674,0.331834082958521
"1485","11001007304",3514,122,0.965281730221969
"1486","11001007401",2453,5,0.997961679576029
"1487","11001007403",3500,43,0.987714285714286
"1488","11001007404",3795,27,0.992885375494071
"1489","11001007406",3061,0,1
"1490","11001007407",2734,23,0.991587417702999
"1491","11001007408",3548,30,0.991544532130778
"1492","11001007409",3802,25,0.993424513413993
"1493","11001007502",5361,68,0.987315799291177
"1494","11001007503",2694,39,0.985523385300668
"1495","11001007504",2780,14,0.994964028776978
"1496","11001007601",4182,104,0.975131516021043
"1497","11001007603",3950,262,0.933670886075949
"1498","11001007604",3766,157,0.958311205523101
"1499","11001007605",3609,83,0.977001939595456
"1500","11001007703",5267,0,1
"1501","11001007707",4423,0,1
"1502","11001007708",3070,0,1
"1503","11001007709",2165,37,0.982909930715935
"1504","11001007803",3473,45,0.987042902389865
"1505","11001007804",3214,15,0.995332918481643
"1506","11001007806",2080,57,0.972596153846154
"1507","11001007807",2314,33,0.985738980121003
"1508","11001007808",4289,29,0.993238517136862
"1509","11001007809",2805,67,0.976114081996435
"1510","11001007901",3951,774,0.804100227790433
"1511","11001007903",1825,344,0.811506849315069
"1512","11001008001",3184,1752,0.449748743718593
"1513","11001008002",3546,2213,0.375916525662719
"1514","11001008100",3212,2613,0.186488169364882
"1515","11001008200",2929,2534,0.134858313417549
"1516","11001008301",2383,1865,0.217373059169115
"1517","11001008302",2409,1775,0.263179742631797
"1518","11001008402",2133,1079,0.494139709329583
"1519","11001008410",1355,675,0.501845018450184
"1520","11001008701",2311,805,0.651665945478148
"1521","11001008702",1930,260,0.865284974093264
"1522","11001008802",4598,791,0.827968682035668
"1523","11001008803",2148,649,0.697858472998138
"1524","11001008804",2442,220,0.90990990990991
"1525","11001008903",3465,279,0.919480519480519
"1526","11001008904",3046,142,0.953381483913329
"1527","11001009000",3049,158,0.948179731059364
"1528","11001009102",5288,379,0.928328290468986
"1529","11001009201",2261,806,0.643520566121185
"1530","11001009203",2612,517,0.802067381316999
"1531","11001009204",2785,260,0.906642728904847
"1532","11001009301",3204,1229,0.616416978776529
"1533","11001009302",1053,237,0.774928774928775
"1534","11001009400",4850,927,0.808865979381443
"1535","11001009501",7088,1923,0.728696388261851
"1536","11001009503",3347,782,0.766357932476845
"1537","11001009504",3315,709,0.786123680241327
"1538","11001009505",2701,152,0.943724546464273
"1539","11001009507",1631,144,0.911710606989577
"1540","11001009508",3829,373,0.902585531470358
"1541","11001009509",3485,98,0.971879483500717
"1542","11001009601",2211,6,0.997286295793758
"1543","11001009602",3457,25,0.992768296210587
"1544","11001009603",3014,10,0.996682149966821
"1545","11001009604",2108,56,0.973434535104364
"1546","11001009700",3371,9,0.997330169089291
"1547","11001009801",2159,32,0.985178323297823
"1548","11001009802",1646,3,0.998177399756987
"1549","11001009803",2733,6,0.997804610318331
"1550","11001009804",2778,51,0.981641468682505
"1551","11001009807",3043,76,0.975024646730201
"1552","11001009810",2676,0,1
"1553","11001009811",5018,0,1
"1554","11001009901",2563,118,0.953960202887241
"1555","11001009902",2780,28,0.989928057553957
"1556","11001009903",1828,46,0.974835886214442
"1557","11001009904",2462,66,0.9731925264013
"1558","11001009905",2795,151,0.945974955277281
"1559","11001009906",1521,37,0.975673898750822
"1560","11001009907",2890,11,0.996193771626298
"1561","11001010100",2624,1769,0.325838414634146
"1562","11001010200",2537,1173,0.537642885297596
"1563","11001010300",3462,766,0.778740612362796
"1564","11001010400",4474,360,0.91953509164059
"1565","11001010500",3418,1496,0.562317144528964
"1566","11001010600",5783,3617,0.374546083347743
"1567","11001010700",1821,1382,0.241076331685887
"1568","11001010800",6289,4361,0.306567021784067
"1569","11001010900",4275,65,0.984795321637427
"1570","11001011000",3552,2324,0.345720720720721
"1571","11001011100",5490,660,0.879781420765027
"1572","54037972201",4736,4098,0.134712837837838
"1573","54037972203",2396,2270,0.0525876460767947
"1574","54037972204",2402,2230,0.0716069941715237
"1575","54037972300",4864,4139,0.149054276315789
"1576","54037972401",2501,1853,0.259096361455418
"1577","54037972402",4744,3846,0.18929173693086
"1578","54037972501",5077,4392,0.134922198148513
"1579","54037972503",3205,2530,0.210608424336973
"1580","54037972505",2438,1999,0.180065627563577
"1581","54037972506",3182,2633,0.172532998114393
"1582","54037972601",2183,2035,0.0677966101694916
"1583","54037972602",4298,4116,0.0423452768729642
"1584","54037972701",2725,2700,0.00917431192660545
"1585","54037972702",3981,3753,0.0572720422004521
"1586","54037972800",6482,6128,0.054612773835236
"1587","54003971101",5955,5164,0.132829554995802
"1588","54003971102",8700,7977,0.083103448275862
"1589","54003971201",9901,9097,0.0812039187960812
"1590","54003971202",4810,4770,0.00831600831600832
"1591","54003971300",9220,7762,0.158134490238612
"1592","54003971400",9994,8706,0.128877326395837
"1593","54003971500",3994,2932,0.265898848272409
"1594","54003971600",4368,3675,0.158653846153846
"1595","54003971700",5909,5067,0.142494499915383
"1596","54003971800",7939,7845,0.0118402821514044
"1597","54003971900",10126,8772,0.133715188623346
"1598","54003972000",12386,9955,0.196269982238011
"1599","54003972101",5530,4932,0.108137432188065
"1600","54003972102",9892,8807,0.109684593610999
