"","GEOID","total","poverty1","poverty2","poverty.rate"
"1","24003701101",4045,74,85,0.0393077873918418
"2","24003701102",8028,93,534,0.078101644245142
"3","24003701200",8756,15,112,0.0145043398812243
"4","24003701300",7509,299,199,0.0663204155013983
"5","24003701400",3355,0,111,0.0330849478390462
"6","24003702100",6989,253,384,0.0911432250679639
"7","24003702204",4308,50,60,0.0255338904363974
"8","24003702205",5485,27,141,0.0306289881494986
"9","24003702206",6248,135,0,0.021606914212548
"10","24003702208",7177,29,111,0.0195067576982026
"11","24003702209",4539,122,68,0.0418594404053756
"12","24003702300",5577,62,23,0.0152411690873229
"13","24003702402",6395,64,58,0.0190774042220485
"14","24003702500",6571,854,178,0.157053720894841
"15","24003702601",5471,223,84,0.056114055931274
"16","24003702602",5610,77,59,0.0242424242424242
"17","24003702701",5041,155,13,0.0333267208887126
"18","24003702702",3671,60,40,0.0272405339144647
"19","24003706101",3284,185,187,0.113276492082826
"20","24003706301",4237,66,151,0.0512154826528204
"21","24003706302",3167,58,71,0.0407325544679507
"22","24003706401",7204,468,145,0.0850916157690172
"23","24003706402",2842,282,92,0.131597466572836
"24","24003706500",5439,257,108,0.0671079242507814
"25","24003706600",5340,346,139,0.0908239700374532
"26","24003706700",561,9,5,0.0249554367201426
"27","24003707001",6557,265,100,0.0556657007777947
"28","24003707002",4790,86,300,0.0805845511482255
"29","24003708001",3753,153,33,0.0495603517186251
"30","24003708004",5847,353,351,0.120403625791004
"31","24003730100",8965,116,140,0.0285554935861684
"32","24003730203",6110,346,339,0.112111292962357
"33","24003730204",6099,262,203,0.0762420068863748
"34","24003730300",3274,193,69,0.080024434941967
"35","24003730401",5059,213,285,0.0984384265665151
"36","24003730402",6457,289,639,0.143719993805173
"37","24003730502",5446,81,431,0.0940139551964745
"38","24003730504",7517,77,447,0.0697086603698284
"39","24003730505",4866,120,102,0.0456226880394575
"40","24003730506",3927,239,170,0.104150751209575
"41","24003730601",7203,73,0,0.0101346661113425
"42","24003730603",2898,5,132,0.0472739820565908
"43","24003730604",6586,30,138,0.0255086547221379
"44","24003730700",7404,60,207,0.0360615883306321
"45","24003730800",2476,35,59,0.0379644588045234
"46","24003730901",2486,5,7,0.00482703137570394
"47","24003730902",4059,67,9,0.0187238236018724
"48","24003731002",3390,113,128,0.0710914454277286
"49","24003731003",4193,23,15,0.0090627235869306
"50","24003731004",4449,75,117,0.043155765340526
"51","24003731102",7650,126,92,0.0284967320261438
"52","24003731103",4985,270,222,0.0986960882647944
"53","24003731104",4325,28,39,0.0154913294797688
"54","24003731105",3434,32,149,0.0527082119976704
"55","24003731201",6431,106,77,0.0284559166537086
"56","24003731202",7263,128,75,0.0279498829684703
"57","24003731203",7173,121,81,0.0281611599052001
"58","24003731204",6123,32,279,0.0507920953780826
"59","24003731303",6617,20,42,0.00936980504760465
"60","24003731306",6183,92,104,0.0316998220928352
"61","24003731307",6787,230,44,0.0403712980698394
"62","24003731308",3595,147,28,0.0486787204450626
"63","24003731309",6124,202,227,0.0700522534291313
"64","24003731310",5099,79,76,0.0303981172778976
"65","24003731311",8461,232,131,0.0429027301737383
"66","24003740102",8704,280,248,0.0606617647058824
"67","24003740103",8252,167,458,0.0757392147358216
"68","24003740104",8117,301,445,0.0919058765553776
"69","24003740105",4168,203,371,0.137715930902111
"70","24003740201",7311,245,47,0.0399398167145397
"71","24003740203",5742,93,200,0.0510275165447579
"72","24003740303",4321,100,196,0.0685026614209674
"73","24003740304",4194,236,11,0.058893657606104
"74","24003740305",11579,411,310,0.0622678987822783
"75","24003740400",0,0,0,NA
"76","24003740500",9968,167,0,0.0167536115569823
"77","24003740601",4335,37,73,0.0253748558246828
"78","24003740602",3998,187,269,0.114057028514257
"79","24003740603",801,5,0,0.00624219725343321
"80","24003740701",5226,269,124,0.0752009184845006
"81","24003740702",10175,207,196,0.0396068796068796
"82","24003740800",4393,79,87,0.0377873890279991
"83","24003740900",7578,63,229,0.0385325943520718
"84","24003741000",2223,13,0,0.00584795321637427
"85","24003750101",4216,252,778,0.244307400379507
"86","24003750102",2630,339,118,0.173764258555133
"87","24003750201",2737,300,145,0.162586773839971
"88","24003750202",3032,167,78,0.0808047493403694
"89","24003750203",1357,31,27,0.0427413411938099
"90","24003750300",2801,66,160,0.0806854694751874
"91","24003750400",4010,66,36,0.0254364089775561
"92","24003750801",6166,96,66,0.0262731106065521
"93","24003750803",8295,627,428,0.127185051235684
"94","24003750804",3907,87,184,0.0693626823649859
"95","24003750900",2770,102,141,0.0877256317689531
"96","24003751000",3778,125,166,0.0770248808893595
"97","24003751102",3441,145,196,0.0990990990990991
"98","24003751103",5495,301,186,0.0886260236578708
"99","24003751200",4231,194,140,0.0789411486646183
"100","24003751400",3916,151,74,0.0574565883554648
"101","24003751500",6903,103,245,0.050412863972186
"102","24003751600",4915,145,84,0.0465920651068159
"103","24003751700",2704,19,46,0.0240384615384615
"104","24003980000",13,0,0,0
"105","24003990000",0,0,0,NA
"106","24021740200",4655,123,212,0.0719656283566058
"107","24021750100",1357,47,68,0.0847457627118644
"108","24021750200",1693,95,69,0.0968694624926167
"109","24021750300",1520,213,260,0.311184210526316
"110","24021750503",6646,588,93,0.102467649714114
"111","24021750504",5960,715,242,0.160570469798658
"112","24021750505",7027,740,789,0.217589298420379
"113","24021750506",3976,112,86,0.0497987927565392
"114","24021750600",2022,37,76,0.0558852621167161
"115","24021750701",5192,81,69,0.0288906009244992
"116","24021750702",3731,170,372,0.14526936478156
"117","24021750801",2999,241,241,0.160720240080027
"118","24021750802",4210,98,21,0.0282660332541568
"119","24021750803",6033,160,184,0.0570197248466766
"120","24021751001",1093,63,0,0.0576395242451967
"121","24021751002",4907,34,365,0.0813124108416548
"122","24021751003",5158,489,216,0.136680884063591
"123","24021751004",3753,97,77,0.0463629096722622
"124","24021751201",4834,83,91,0.0359950351675631
"125","24021751202",6010,67,288,0.0590682196339434
"126","24021751203",1935,5,69,0.0382428940568475
"127","24021751301",2905,30,145,0.0602409638554217
"128","24021751302",2970,101,71,0.0579124579124579
"129","24021751600",2918,81,74,0.0531185743660041
"130","24021751701",2380,34,32,0.0277310924369748
"131","24021751702",3991,218,214,0.108243547982962
"132","24021751801",4444,178,65,0.0546804680468047
"133","24021751802",3996,68,11,0.0197697697697698
"134","24021751901",4706,61,45,0.0225244368890778
"135","24021751902",5867,73,361,0.0739730697119482
"136","24021751903",6220,0,0,0
"137","24021751904",3406,53,105,0.0463887257780388
"138","24021752001",4919,25,45,0.0142305346615166
"139","24021752101",3292,10,0,0.00303766707168894
"140","24021752102",4213,53,0,0.0125801091858533
"141","24021752201",2184,22,42,0.0293040293040293
"142","24021752202",4202,14,0,0.00333174678724417
"143","24021752204",7036,156,125,0.039937464468448
"144","24021752301",4839,117,363,0.0991940483570986
"145","24021752302",4156,13,115,0.0307988450433109
"146","24021752303",3259,38,34,0.0220926664621049
"147","24021752501",4817,134,35,0.0350840772264895
"148","24021752502",2572,37,23,0.0233281493001555
"149","24021752601",3998,45,0,0.011255627813907
"150","24021752602",2695,29,23,0.0192949907235622
"151","24021752603",3883,28,14,0.0108163790883338
"152","24021752801",2161,25,68,0.043035631652013
"153","24021752802",3485,78,91,0.048493543758967
"154","24021752900",3072,121,178,0.0973307291666667
"155","24021753001",5029,179,125,0.0604493935175979
"156","24021753002",2931,102,158,0.0887069259638349
"157","24021765100",3748,112,442,0.147812166488794
"158","24021766800",4130,224,354,0.139951573849879
"159","24021767500",2753,10,72,0.0297856883399927
"160","24021767600",3592,147,114,0.0726614699331849
"161","24021770700",3560,156,138,0.0825842696629213
"162","24021772200",1600,207,201,0.255
"163","24021773500",4344,115,69,0.0423572744014733
"164","24021775302",4293,116,231,0.0808292569298859
"165","24021775400",3738,180,371,0.147405029427501
"166","24021775600",3831,35,79,0.0297572435395458
"167","24043000100",3349,83,47,0.0388175574798447
"168","24043000200",3338,78,182,0.0778909526662672
"169","24043000301",3189,378,474,0.267168391345249
"170","24043000302",2820,265,526,0.280496453900709
"171","24043000400",1910,413,422,0.43717277486911
"172","24043000500",5577,761,846,0.288147749686211
"173","24043000601",2192,292,219,0.233120437956204
"174","24043000602",3215,72,229,0.0936236391912908
"175","24043000700",2722,559,376,0.343497428361499
"176","24043000800",3515,451,343,0.225889046941679
"177","24043000900",3268,621,818,0.440330477356181
"178","24043001001",5112,764,580,0.262910798122066
"179","24043001002",3916,205,321,0.134320735444331
"180","24043010100",1250,25,95,0.096
"181","24043010200",4559,55,253,0.0675586751480588
"182","24043010300",7259,117,288,0.0557928089268494
"183","24043010400",8642,588,413,0.115829669058088
"184","24043010500",6367,96,244,0.0534003455316476
"185","24043010600",4888,186,250,0.0891980360065466
"186","24043010700",3355,83,178,0.0777943368107303
"187","24043010801",4304,96,187,0.0657527881040892
"188","24043010802",2555,83,236,0.124853228962818
"189","24043010900",8116,41,185,0.0278462296697881
"190","24043011000",0,0,0,NA
"191","24043011100",6181,420,395,0.131855686782074
"192","24043011201",8921,710,120,0.093038896984643
"193","24043011202",4643,220,313,0.114796467800991
"194","24043011301",4966,109,246,0.0714861055175191
"195","24043011302",3760,150,115,0.0704787234042553
"196","24043011400",5326,141,316,0.0858054825384904
"197","24043011500",8114,265,354,0.0762878974611782
"198","24043011600",3029,86,110,0.0647078243644767
"199","24031700101",4461,112,12,0.0277964581932302
"200","24031700103",5643,86,117,0.0359737728158781
"201","24031700104",5856,63,50,0.0192964480874317
"202","24031700105",6143,41,162,0.033045743122253
"203","24031700204",2025,79,56,0.0666666666666667
"204","24031700205",8191,109,341,0.0549383469661824
"205","24031700206",5762,151,47,0.0343630683790351
"206","24031700207",5575,120,359,0.0859192825112108
"207","24031700208",2217,36,43,0.0356337392873252
"208","24031700304",8435,337,89,0.0505038529934796
"209","24031700306",7087,50,67,0.0165091011711585
"210","24031700308",5652,88,154,0.0428167020523708
"211","24031700309",5590,176,332,0.09087656529517
"212","24031700310",6227,395,18,0.0663240725871206
"213","24031700311",8925,174,125,0.0335014005602241
"214","24031700312",5454,118,18,0.0249358269160249
"215","24031700400",2056,51,88,0.0676070038910506
"216","24031700500",6416,82,105,0.029145885286783
"217","24031700604",6772,11,0,0.001624335499114
"218","24031700606",4453,62,17,0.0177408488659331
"219","24031700607",7661,131,168,0.0390288474089544
"220","24031700608",5846,226,47,0.0466985973315087
"221","24031700610",2160,70,57,0.0587962962962963
"222","24031700611",7016,168,32,0.0285062713797035
"223","24031700613",6012,224,228,0.0751829673985363
"224","24031700614",4929,257,77,0.0677622235747616
"225","24031700615",2925,34,0,0.0116239316239316
"226","24031700616",4668,61,35,0.0205655526992288
"227","24031700704",3265,178,207,0.11791730474732
"228","24031700706",4154,93,242,0.0806451612903226
"229","24031700710",6524,222,124,0.0530349478847333
"230","24031700711",5881,72,257,0.0559428668593777
"231","24031700713",5986,169,120,0.0482793184096225
"232","24031700715",6264,160,182,0.0545977011494253
"233","24031700716",8073,169,321,0.0606961476526694
"234","24031700717",6494,133,132,0.0408068986757006
"235","24031700718",4617,106,98,0.0441845354126056
"236","24031700719",9478,560,1458,0.2129141169023
"237","24031700720",3829,26,280,0.0799164272656046
"238","24031700721",3093,79,95,0.0562560620756547
"239","24031700722",4312,145,379,0.12152133580705
"240","24031700723",3281,93,464,0.169765315452606
"241","24031700724",3425,151,611,0.222481751824818
"242","24031700810",5025,128,525,0.129950248756219
"243","24031700811",4622,66,134,0.043271311120727
"244","24031700812",3975,250,89,0.0852830188679245
"245","24031700813",6270,362,376,0.117703349282297
"246","24031700815",7456,600,55,0.0878487124463519
"247","24031700816",8639,403,358,0.0880888991781456
"248","24031700817",5256,329,223,0.105022831050228
"249","24031700818",7051,784,451,0.17515246064388
"250","24031700819",7387,191,324,0.0697170705293082
"251","24031700820",3038,116,206,0.105990783410138
"252","24031700822",1724,79,117,0.11368909512761
"253","24031700823",3181,43,35,0.0245205910091166
"254","24031700824",3171,46,30,0.0239672027751498
"255","24031700826",5700,13,65,0.0136842105263158
"256","24031700828",2290,46,61,0.0467248908296943
"257","24031700829",3488,63,88,0.0432912844036697
"258","24031700830",2757,113,57,0.0616612259702575
"259","24031700832",3248,93,341,0.133620689655172
"260","24031700833",4116,354,52,0.0986394557823129
"261","24031700834",5133,160,296,0.0888369374634717
"262","24031700835",4625,106,28,0.028972972972973
"263","24031700901",3891,103,431,0.137239784117194
"264","24031700902",3780,142,112,0.0671957671957672
"265","24031700903",2012,49,90,0.0690854870775348
"266","24031700904",3057,109,294,0.131828590121034
"267","24031700905",4113,103,62,0.0401167031363968
"268","24031701001",5773,286,220,0.0876494023904383
"269","24031701002",3505,75,16,0.025962910128388
"270","24031701004",5412,70,334,0.0746489283074649
"271","24031701005",3858,58,89,0.0381026438569207
"272","24031701006",5102,50,80,0.0254802038416307
"273","24031701007",3093,36,39,0.0242483026188167
"274","24031701101",4891,103,253,0.0727867511756287
"275","24031701102",6349,49,616,0.104740904079383
"276","24031701201",6236,81,556,0.102148813341886
"277","24031701202",2662,60,26,0.0323065364387678
"278","24031701205",6706,169,46,0.0320608410378765
"279","24031701206",6720,37,71,0.0160714285714286
"280","24031701210",3991,25,0,0.00626409421197695
"281","24031701211",6701,263,351,0.0916281152066856
"282","24031701212",2699,5,31,0.0133382734346054
"283","24031701213",6657,229,54,0.0425116418807271
"284","24031701214",3573,168,180,0.0973971452560873
"285","24031701215",4888,172,99,0.0554418985270049
"286","24031701216",4710,114,150,0.0560509554140127
"287","24031701218",2431,98,116,0.0880296174413821
"288","24031701219",4063,377,399,0.190991877922717
"289","24031701220",4243,100,58,0.0372378034409616
"290","24031701221",4380,50,101,0.0344748858447489
"291","24031701303",3422,20,26,0.0134424313267095
"292","24031701304",5980,42,60,0.017056856187291
"293","24031701306",3078,31,71,0.0331384015594542
"294","24031701307",3982,229,76,0.0765946760421898
"295","24031701308",3079,18,113,0.0425462812601494
"296","24031701312",6454,64,132,0.0303687635574837
"297","24031701313",3561,31,0,0.0087054198258916
"298","24031701314",3202,36,54,0.028107432854466
"299","24031701315",4716,84,0,0.0178117048346056
"300","24031701316",6106,76,152,0.0373403209957419
"301","24031701317",4383,54,2,0.0127766370066165
"302","24031701407",5856,69,108,0.0302254098360656
"303","24031701408",6581,24,33,0.00866129767512536
"304","24031701409",4529,128,8,0.0300287039081475
"305","24031701410",7987,305,137,0.0553399273819957
"306","24031701414",6982,135,388,0.0749069034660556
"307","24031701415",7497,255,98,0.0470855008670135
"308","24031701417",5739,102,333,0.0757971772085729
"309","24031701418",3450,169,0,0.0489855072463768
"310","24031701420",6682,308,129,0.0653995809637833
"311","24031701421",2021,105,18,0.0608609599208313
"312","24031701422",3114,149,229,0.121387283236994
"313","24031701423",4951,414,238,0.131690567562109
"314","24031701503",6411,95,166,0.040711277491811
"315","24031701505",6683,340,70,0.0613496932515337
"316","24031701506",5162,258,115,0.0722588144130182
"317","24031701507",4659,44,197,0.0517278385919725
"318","24031701508",3774,377,361,0.195548489666137
"319","24031701509",6285,378,402,0.124105011933174
"320","24031701601",2373,137,343,0.202275600505689
"321","24031701602",7297,316,627,0.12923119090037
"322","24031701701",3406,57,70,0.0372871403405755
"323","24031701702",2209,72,330,0.181982797645994
"324","24031701703",3607,55,78,0.036872747435542
"325","24031701704",2896,43,34,0.0265883977900553
"326","24031701800",4916,297,200,0.101098454027665
"327","24031701900",3238,241,173,0.127856701667696
"328","24031702000",5707,553,864,0.248291571753986
"329","24031702101",6034,321,387,0.117335101093802
"330","24031702102",3152,24,39,0.0199873096446701
"331","24031702200",4715,21,13,0.00721102863202545
"332","24031702301",3710,265,606,0.234770889487871
"333","24031702302",4073,102,270,0.0913331696538178
"334","24031702401",2602,33,60,0.0357417371252882
"335","24031702402",4364,186,203,0.0891384051329056
"336","24031702500",6462,332,736,0.1652739090065
"337","24031702601",4522,362,79,0.0975232198142415
"338","24031702602",4855,543,329,0.179608650875386
"339","24031702700",7030,533,106,0.090896159317212
"340","24031702800",4806,59,85,0.0299625468164794
"341","24031702900",5380,36,85,0.0224907063197026
"342","24031703000",1915,17,24,0.0214099216710183
"343","24031703100",4444,36,94,0.0292529252925293
"344","24031703201",7529,258,77,0.044494620799575
"345","24031703202",6014,110,39,0.0247755237778517
"346","24031703206",3673,120,32,0.0413830656139396
"347","24031703207",6436,417,776,0.185363579863269
"348","24031703208",4836,97,78,0.0361869313482217
"349","24031703209",6662,143,736,0.131942359651756
"350","24031703210",3729,8,406,0.111021721641191
"351","24031703212",9210,70,375,0.0483170466883822
"352","24031703213",6538,889,770,0.253747323340471
"353","24031703214",7904,539,795,0.168775303643725
"354","24031703215",3568,127,85,0.0594170403587444
"355","24031703216",3769,198,134,0.0880870257362696
"356","24031703218",1805,18,60,0.043213296398892
"357","24031703219",3575,134,107,0.0674125874125874
"358","24031703220",4858,66,344,0.084396871140387
"359","24031703221",5284,94,345,0.0830809992429977
"360","24031703301",4778,67,159,0.0473001255755546
"361","24031703302",4658,147,137,0.0609703735508802
"362","24031703401",5185,54,498,0.106460945033751
"363","24031703402",3524,71,173,0.0692395005675369
"364","24031703403",3525,292,200,0.139574468085106
"365","24031703404",3015,76,296,0.123383084577114
"366","24031703501",7233,153,469,0.0859947463016729
"367","24031703502",2941,197,343,0.183611016661
"368","24031703601",4523,44,139,0.0404598717665266
"369","24031703602",3051,0,0,0
"370","24031703701",3837,139,190,0.0857440708887151
"371","24031703702",4429,508,78,0.132309776473245
"372","24031703800",3312,288,305,0.179045893719807
"373","24031703901",3182,141,63,0.0641106222501571
"374","24031703902",7966,138,509,0.0812201857896058
"375","24031704000",6949,198,266,0.0667721974384804
"376","24031704100",4530,10,90,0.022075055187638
"377","24031704200",1990,22,69,0.0457286432160804
"378","24031704300",3871,21,12,0.00852492895892534
"379","24031704401",3385,81,39,0.0354505169867061
"380","24031704403",1597,17,30,0.0294301815904822
"381","24031704404",4950,112,53,0.0333333333333333
"382","24031704501",3514,76,68,0.0409789413773478
"383","24031704502",2533,15,15,0.0118436636399526
"384","24031704503",4222,16,76,0.0217906205589768
"385","24031704600",4833,54,101,0.032071177322574
"386","24031704700",3922,90,0,0.0229474757776645
"387","24031704803",3618,104,197,0.0831951354339414
"388","24031704804",1693,76,34,0.06497341996456
"389","24031704805",2005,61,89,0.0748129675810474
"390","24031704806",3015,27,74,0.0334991708126036
"391","24031705000",4034,99,70,0.0418939018344075
"392","24031705100",5057,40,107,0.0290686177575638
"393","24031705200",3169,3,27,0.00946670874092774
"394","24031705300",1936,20,24,0.0227272727272727
"395","24031705400",2927,10,8,0.00614964127092586
"396","24031705501",2514,57,128,0.073587907716786
"397","24031705502",3842,14,36,0.013014055179594
"398","24031705601",2887,0,22,0.00762036716314513
"399","24031705602",4687,69,77,0.0311499893321954
"400","24031705701",4462,26,90,0.025997310623039
"401","24031705702",4746,45,46,0.0191740412979351
"402","24031705800",6201,49,94,0.0230607966457023
"403","24031705901",3980,45,0,0.0113065326633166
"404","24031705902",4170,59,4,0.0151079136690647
"405","24031705903",4387,26,12,0.00866195577843629
"406","24031706005",4816,176,12,0.0390365448504983
"407","24031706007",7410,122,33,0.0209176788124157
"408","24031706008",5059,25,17,0.00830203597548923
"409","24031706009",5355,106,53,0.0296918767507003
"410","24031706010",2971,6,53,0.0198586334567486
"411","24031706011",4978,165,140,0.0612695861791884
"412","24031706012",3201,122,353,0.148391127772571
"413","24031706013",3061,16,75,0.0297288467820974
"414","24009860101",3235,137,46,0.0565687789799073
"415","24009860102",2430,26,22,0.0197530864197531
"416","24009860200",6460,130,71,0.0311145510835913
"417","24009860300",4267,49,92,0.033044293414577
"418","24009860401",9823,689,288,0.0994604499643693
"419","24009860402",3386,182,73,0.0753101004134672
"420","24009860501",6003,91,60,0.0251540896218557
"421","24009860502",3230,81,98,0.0554179566563468
"422","24009860600",7814,45,111,0.019964166879959
"423","24009860701",2655,112,117,0.0862523540489642
"424","24009860702",3123,218,147,0.116874799871918
"425","24009860703",3948,102,188,0.0734549138804458
"426","24009860801",6844,238,76,0.0458796025715956
"427","24009860802",4935,51,101,0.0308004052684904
"428","24009860900",6535,116,417,0.0815608263198164
"429","24009861001",1177,10,7,0.0144435004248088
"430","24009861003",5872,528,42,0.0970708446866485
"431","24009861004",7468,223,223,0.0597214783074451
"432","24009990100",0,0,0,NA
"433","24033800102",2859,82,224,0.107030430220357
"434","24033800103",2009,145,150,0.146839223494276
"435","24033800105",3981,53,113,0.0416980658126099
"436","24033800106",2626,131,33,0.0624523990860625
"437","24033800108",3179,245,179,0.133375275243787
"438","24033800109",3720,190,217,0.109408602150538
"439","24033800203",4360,103,26,0.0295871559633028
"440","24033800206",3828,110,26,0.0355276907001045
"441","24033800208",7900,92,354,0.0564556962025316
"442","24033800209",4054,310,364,0.166255550074001
"443","24033800210",2928,188,116,0.103825136612022
"444","24033800211",2836,113,83,0.0691114245416079
"445","24033800212",4765,77,422,0.104721930745016
"446","24033800213",4310,198,164,0.0839907192575406
"447","24033800214",2514,68,203,0.107796340493238
"448","24033800215",2452,91,52,0.0583197389885807
"449","24033800401",2408,34,13,0.0195182724252492
"450","24033800402",4735,109,35,0.0304118268215417
"451","24033800403",4094,236,34,0.0659501709819248
"452","24033800408",6980,368,309,0.0969914040114613
"453","24033800409",5605,111,128,0.0426404995539697
"454","24033800410",5123,103,2,0.0204958032402889
"455","24033800411",3818,0,164,0.0429544264012572
"456","24033800412",3462,119,109,0.0658578856152513
"457","24033800413",4027,112,317,0.106530916314875
"458","24033800504",4892,79,67,0.0298446443172527
"459","24033800505",2566,13,92,0.0409197194076383
"460","24033800507",3084,36,19,0.0178339818417639
"461","24033800509",9898,200,117,0.0320266720549606
"462","24033800511",5174,93,117,0.0405875531503672
"463","24033800513",5759,199,10,0.0362910227470047
"464","24033800514",5717,14,0,0.0024488368025188
"465","24033800515",4074,62,140,0.0495827196858125
"466","24033800516",4001,75,39,0.0284928767808048
"467","24033800517",5587,114,0,0.0204045104707356
"468","24033800518",3337,66,9,0.0224752771950854
"469","24033800519",4013,36,113,0.0371293296785447
"470","24033800520",1840,36,18,0.0293478260869565
"471","24033800601",2005,43,61,0.0518703241895262
"472","24033800604",1652,25,86,0.0671912832929782
"473","24033800605",4160,87,40,0.0305288461538462
"474","24033800606",5386,12,136,0.0274786483475678
"475","24033800607",6543,74,54,0.0195628916399205
"476","24033800608",4526,47,14,0.0134776844896156
"477","24033800701",5436,61,99,0.0294334069168506
"478","24033800704",4899,95,72,0.0340885895080629
"479","24033800705",4510,27,160,0.0414634146341463
"480","24033800706",3781,97,56,0.0404654853213436
"481","24033800707",2907,73,21,0.0323357413140695
"482","24033800800",3531,75,22,0.027470971396205
"483","24033800900",1565,26,22,0.0306709265175719
"484","24033801003",5741,96,144,0.0418045636648667
"485","24033801004",4661,71,60,0.0281055567474791
"486","24033801005",4028,113,21,0.0332671300893744
"487","24033801006",3930,201,69,0.0687022900763359
"488","24033801104",3103,29,180,0.0673541733805994
"489","24033801207",4624,53,173,0.0488754325259516
"490","24033801208",4078,92,0,0.0225600784698382
"491","24033801209",5297,115,55,0.03209363790825
"492","24033801210",4614,0,320,0.0693541395752059
"493","24033801211",3275,20,61,0.0247328244274809
"494","24033801212",3666,37,42,0.0215493726132024
"495","24033801213",3541,62,156,0.0615645297938435
"496","24033801214",4138,77,212,0.069840502658289
"497","24033801215",2618,30,111,0.0538579067990833
"498","24033801216",3400,19,26,0.0132352941176471
"499","24033801217",3450,81,8,0.0257971014492754
"500","24033801302",2605,29,12,0.0157389635316699
"501","24033801305",5987,99,580,0.113412393519292
"502","24033801307",3820,30,96,0.0329842931937173
"503","24033801308",3820,65,153,0.0570680628272251
"504","24033801309",3682,31,42,0.0198261814231396
"505","24033801310",6383,36,75,0.0173899420335266
"506","24033801311",6516,134,155,0.0443523634131369
"507","24033801312",3290,88,90,0.0541033434650456
"508","24033801313",3309,143,45,0.0568147476579027
"509","24033801404",4818,162,615,0.161270236612702
"510","24033801405",4621,301,296,0.12919281540792
"511","24033801406",2666,65,73,0.0517629407351838
"512","24033801407",6281,465,76,0.086132781404235
"513","24033801408",3453,364,266,0.182450043440487
"514","24033801409",3070,102,141,0.0791530944625407
"515","24033801410",3124,50,0,0.0160051216389245
"516","24033801411",3149,134,277,0.130517624642744
"517","24033801500",2667,151,96,0.0926134233220847
"518","24033801600",2475,435,61,0.20040404040404
"519","24033801701",4343,224,575,0.183974211374626
"520","24033801702",3925,266,134,0.101910828025478
"521","24033801704",5846,204,523,0.124358535750941
"522","24033801706",1536,39,107,0.0950520833333333
"523","24033801707",6401,244,668,0.14247773785346
"524","24033801708",3326,149,118,0.0802766085387853
"525","24033801801",2001,174,156,0.164917541229385
"526","24033801802",3336,136,137,0.0818345323741007
"527","24033801804",2212,82,176,0.116636528028933
"528","24033801805",2214,217,182,0.180216802168022
"529","24033801807",4114,300,29,0.0799708313077297
"530","24033801808",3982,123,303,0.106981416373682
"531","24033801901",4921,94,70,0.0333265596423491
"532","24033801904",2950,271,116,0.131186440677966
"533","24033801905",5361,25,31,0.0104458123484425
"534","24033801906",1789,118,55,0.0967020681945221
"535","24033801907",2742,82,148,0.0838803792851933
"536","24033801908",3180,356,110,0.146540880503145
"537","24033802001",5735,370,454,0.143679163034002
"538","24033802002",3725,201,227,0.11489932885906
"539","24033802103",3263,108,149,0.0787618755746246
"540","24033802104",1721,334,30,0.21150493898896
"541","24033802106",3766,245,52,0.0788635156664897
"542","24033802107",3402,231,225,0.134038800705467
"543","24033802201",1843,46,153,0.107976125881715
"544","24033802203",4311,266,111,0.0874507074924611
"545","24033802204",6176,182,371,0.0895401554404145
"546","24033802301",3654,73,210,0.0774493705528188
"547","24033802404",3762,174,485,0.175172780435938
"548","24033802405",3892,179,120,0.0768242548818088
"549","24033802406",2295,128,192,0.139433551198257
"550","24033802407",3577,168,219,0.108191221694157
"551","24033802408",1381,73,51,0.0897900072411296
"552","24033802501",2658,87,164,0.0944319036869827
"553","24033802502",2557,75,120,0.0762612436448964
"554","24033802600",3127,194,168,0.115765909817717
"555","24033802700",2935,336,181,0.176149914821124
"556","24033802803",4851,126,344,0.0968872397443826
"557","24033802804",5161,457,246,0.136213912032552
"558","24033802805",4785,475,278,0.157366771159875
"559","24033802901",4020,245,390,0.157960199004975
"560","24033803001",2891,173,196,0.127637495676237
"561","24033803002",2785,60,188,0.089048473967684
"562","24033803100",2829,143,192,0.11841640155532
"563","24033803200",2805,289,180,0.167201426024955
"564","24033803300",4572,415,382,0.174321959755031
"565","24033803401",1304,207,10,0.166411042944785
"566","24033803402",4534,258,505,0.168284075871195
"567","24033803508",4305,409,572,0.22787456445993
"568","24033803509",3074,389,340,0.237150292778139
"569","24033803512",6199,147,233,0.0613002097112437
"570","24033803513",4767,226,369,0.124816446402349
"571","24033803514",4052,76,422,0.122902270483712
"572","24033803516",4810,26,197,0.0463617463617464
"573","24033803519",5005,44,150,0.0387612387612388
"574","24033803520",3796,18,18,0.00948366701791359
"575","24033803521",5401,102,333,0.080540640622107
"576","24033803522",3514,247,28,0.0782583949914627
"577","24033803523",4131,262,8,0.065359477124183
"578","24033803524",4029,320,59,0.0940680069496153
"579","24033803525",2071,126,167,0.141477547078706
"580","24033803526",3143,53,0,0.0168628698695514
"581","24033803527",3079,75,167,0.078596947060734
"582","24033803601",3787,0,186,0.049115394771587
"583","24033803602",2186,123,54,0.0809698078682525
"584","24033803605",6940,328,295,0.0897694524495677
"585","24033803606",5471,259,176,0.0795101443977335
"586","24033803607",4009,119,75,0.0483911199800449
"587","24033803608",6062,66,585,0.107390300230947
"588","24033803610",3319,141,284,0.12805061765592
"589","24033803612",3160,214,58,0.0860759493670886
"590","24033803613",5112,278,441,0.140649452269171
"591","24033803700",2535,129,108,0.093491124260355
"592","24033803801",2566,41,84,0.0487139516757599
"593","24033803803",6106,39,465,0.0825417622011137
"594","24033803900",4055,129,334,0.114180024660912
"595","24033804001",5001,503,834,0.267346530693861
"596","24033804002",4301,37,440,0.110904440827714
"597","24033804101",3355,55,299,0.105514157973174
"598","24033804102",6121,260,194,0.0741708871099494
"599","24033804200",2828,65,29,0.0332390381895332
"600","24033804300",3258,235,259,0.151626764886433
"601","24033804400",2841,205,167,0.130939809926082
"602","24033804600",3122,128,212,0.108904548366432
"603","24033804700",3570,148,53,0.0563025210084034
"604","24033804801",2315,342,226,0.245356371490281
"605","24033804802",2964,119,281,0.134952766531714
"606","24033804900",3771,173,182,0.0941394855476001
"607","24033805000",5541,373,36,0.0738133910846418
"608","24033805101",4148,181,527,0.170684667309547
"609","24033805201",4818,249,447,0.144458281444583
"610","24033805202",3780,167,353,0.137566137566138
"611","24033805500",4559,610,197,0.177012502741829
"612","24033805601",6695,869,614,0.22150858849888
"613","24033805602",5909,404,462,0.14655610086309
"614","24033805700",6502,562,333,0.137649953860351
"615","24033805801",4745,86,362,0.0944151738672287
"616","24033805802",4523,473,558,0.227946053504311
"617","24033805904",2929,201,105,0.104472516217139
"618","24033805906",3103,190,485,0.217531421205285
"619","24033805907",4055,91,600,0.170406905055487
"620","24033805908",2343,164,158,0.137430644472898
"621","24033805909",4784,425,276,0.146530100334448
"622","24033806000",5521,487,266,0.136388335446477
"623","24033806100",4251,142,76,0.0512820512820513
"624","24033806200",3755,62,258,0.085219707057257
"625","24033806300",2084,99,136,0.112763915547025
"626","24033806400",3845,170,171,0.0886866059817945
"627","24033806501",5421,441,711,0.212506917542889
"628","24033806601",4461,321,515,0.187401927818875
"629","24033806602",5465,279,494,0.141445562671546
"630","24033806706",3307,339,58,0.120048382219534
"631","24033806708",4108,182,191,0.0907984420642649
"632","24033806710",5646,164,216,0.067304286220333
"633","24033806711",4942,100,259,0.0726426547956293
"634","24033806712",3594,71,151,0.0617696160267112
"635","24033806713",3837,141,549,0.17982799061767
"636","24033806714",3785,415,360,0.204755614266843
"637","24033806800",4107,122,262,0.0934989043097151
"638","24033806900",4406,202,170,0.0844303222877894
"639","24033807000",6366,1370,940,0.362865221489161
"640","24033807102",2483,240,174,0.166733789770439
"641","24033807200",3020,1918,262,0.721854304635762
"642","24033807301",3644,501,295,0.218441273326015
"643","24033807304",1968,65,32,0.0492886178861789
"644","24033807305",3425,38,190,0.0665693430656934
"645","24033807404",5091,104,301,0.079552150854449
"646","24033807405",6234,308,450,0.121591273660571
"647","24033807407",6561,199,340,0.0821521109586953
"648","24033807408",5677,129,245,0.0658798661264753
"649","24033807409",3936,51,721,0.196138211382114
"650","24033807410",4407,374,599,0.220785114590424
"651","24017850101",5830,175,106,0.0481989708404803
"652","24017850102",2397,34,263,0.123904881101377
"653","24017850201",1023,0,2,0.00195503421309873
"654","24017850202",4917,250,199,0.0913158429936953
"655","24017850300",2395,157,164,0.134029227557411
"656","24017850400",3940,167,320,0.123604060913706
"657","24017850500",2851,83,94,0.0620834794808839
"658","24017850600",4772,64,45,0.0228415758591785
"659","24017850706",5746,503,17,0.0904977375565611
"660","24017850708",5322,60,214,0.0514844043592634
"661","24017850709",6614,116,128,0.0368914423949199
"662","24017850710",5436,148,61,0.0384473877851361
"663","24017850711",5150,475,47,0.101359223300971
"664","24017850712",5436,71,168,0.0439661515820456
"665","24017850713",7315,168,150,0.0434723171565277
"666","24017850801",5082,84,167,0.0493900039354585
"667","24017850802",3919,141,162,0.0773156417453432
"668","24017850901",5564,457,531,0.177570093457944
"669","24017850902",6508,111,638,0.115089121081746
"670","24017850904",6753,191,131,0.0476825114763809
"671","24017850905",4378,261,94,0.0810872544540886
"672","24017850906",4601,306,815,0.243642686372528
"673","24017851001",2794,36,128,0.0586972083035075
"674","24017851002",8814,330,603,0.105854322668482
"675","24017851100",2475,20,16,0.0145454545454545
"676","24017851200",4644,291,278,0.122523686477175
"677","24017851301",4818,39,323,0.0751349107513491
"678","24017851302",3937,134,100,0.0594361188722377
"679","24017851400",8967,491,289,0.0869856139176982
"680","24017851500",8405,201,88,0.0343842950624628
"681","24017990000",0,0,0,NA
"682","24027601103",6314,109,158,0.0422869813113716
"683","24027601104",6228,24,76,0.0160565189466924
"684","24027601105",4412,0,12,0.00271985494106981
"685","24027601107",5481,202,833,0.188834154351396
"686","24027601108",3856,11,102,0.029304979253112
"687","24027601201",8157,221,260,0.0589677577540763
"688","24027601203",3654,41,259,0.0821018062397373
"689","24027601204",5708,70,133,0.0355641205325858
"690","24027602100",7861,82,49,0.0166645464953568
"691","24027602201",3465,136,144,0.0808080808080808
"692","24027602202",5366,50,82,0.0245993291092061
"693","24027602302",7337,283,126,0.0557448548453046
"694","24027602303",3794,0,24,0.00632577754348972
"695","24027602304",4939,29,50,0.0159951407167443
"696","24027602305",3822,29,0,0.0075876504447933
"697","24027602306",5472,71,105,0.0321637426900585
"698","24027602600",6619,238,347,0.0883819308052576
"699","24027602700",5075,68,45,0.0222660098522167
"700","24027602800",6211,57,283,0.0547415875060377
"701","24027602900",4537,321,181,0.110645801190214
"702","24027603001",5731,42,2,0.00767754318618042
"703","24027603003",4123,59,2,0.0147950521464953
"704","24027603004",7039,238,77,0.044750674811763
"705","24027604001",6214,86,2,0.0141615706469263
"706","24027604002",8148,43,58,0.0123956799214531
"707","24027605102",10262,384,224,0.0592477099980511
"708","24027605103",5056,29,90,0.0235363924050633
"709","24027605104",5139,57,17,0.0143996886553804
"710","24027605401",5116,359,140,0.0975371383893667
"711","24027605402",6516,229,372,0.0922344996930632
"712","24027605502",5488,281,200,0.0876457725947522
"713","24027605503",6618,409,533,0.14233907524932
"714","24027605504",2748,0,0,0
"715","24027605505",6021,138,39,0.0293971101145989
"716","24027605601",6394,585,269,0.133562715045355
"717","24027605602",7430,151,120,0.0364737550471063
"718","24027606601",2929,38,29,0.0228747012632298
"719","24027606603",7975,257,368,0.0783699059561129
"720","24027606604",4437,72,96,0.0378634212305612
"721","24027606606",4828,233,193,0.0882352941176471
"722","24027606607",5406,147,49,0.0362560118386977
"723","24027606701",2850,6,0,0.00210526315789474
"724","24027606704",7289,108,260,0.0504870352586089
"725","24027606705",1944,33,40,0.0375514403292181
"726","24027606706",4981,147,61,0.0417586829953825
"727","24027606707",3785,545,141,0.181241743725231
"728","24027606803",6040,292,137,0.0710264900662252
"729","24027606804",3468,60,17,0.0222029988465975
"730","24027606805",4254,65,69,0.0314997649271274
"731","24027606806",6846,235,96,0.0483494011101373
"732","24027606901",5601,113,165,0.0496339939296554
"733","24027606904",4699,0,201,0.04277505852309
"734","24027606905",6776,98,390,0.0720188902007084
"735","24027606906",6013,91,50,0.0234491934142691
"736","24027606907",5846,94,217,0.0531987683886418
"737","24037875000",6954,346,253,0.0861374748346276
"738","24037875100",4934,154,86,0.0486420753952169
"739","24037875201",4914,20,153,0.0352055352055352
"740","24037875202",6311,371,21,0.0621137696086199
"741","24037875300",3280,88,281,0.1125
"742","24037875400",6834,283,151,0.0635059994146912
"743","24037875500",9062,79,112,0.021077024939307
"744","24037875600",9026,148,110,0.0285840904054952
"745","24037875700",7258,84,287,0.0511160099200882
"746","24037875801",1242,0,38,0.0305958132045089
"747","24037875802",4162,70,11,0.0194617972128784
"748","24037875901",6738,178,276,0.0673790442267735
"749","24037875902",9016,549,969,0.168367346938776
"750","24037876001",5189,763,527,0.248602813644247
"751","24037876002",8584,836,225,0.123602050326188
"752","24037876100",7624,283,233,0.0676810073452256
"753","24037876200",5652,320,79,0.0705944798301486
"754","24037990000",0,0,0,NA
"755","51510200102",4373,488,343,0.1900297278756
"756","51510200103",8005,383,430,0.10156152404747
"757","51510200104",3883,268,281,0.141385526654648
"758","51510200105",4257,567,194,0.178764388066714
"759","51510200106",3413,202,34,0.0691473776736009
"760","51510200107",6085,184,226,0.0673788003286771
"761","51510200201",3357,64,101,0.0491510277033065
"762","51510200202",1724,20,60,0.0464037122969838
"763","51510200301",3503,196,146,0.0976306023408507
"764","51510200302",4845,40,194,0.048297213622291
"765","51510200303",5311,91,434,0.0988514404067031
"766","51510200403",1262,10,48,0.045958795562599
"767","51510200404",3666,10,8,0.00490998363338789
"768","51510200405",6835,269,243,0.0749085588880761
"769","51510200406",5631,307,248,0.0985615343633458
"770","51510200407",3855,72,43,0.0298313878080415
"771","51510200500",3943,141,308,0.113872685772255
"772","51510200600",5200,144,295,0.0844230769230769
"773","51510200701",767,74,4,0.101694915254237
"774","51510200702",4586,65,10,0.0163541212385521
"775","51510200703",3033,59,219,0.0916584240026377
"776","51510200801",2757,30,33,0.0228509249183896
"777","51510200802",3330,113,212,0.0975975975975976
"778","51510200900",4918,69,80,0.030296868645791
"779","51510201000",2711,32,29,0.0225009221689414
"780","51510201100",3334,29,44,0.0218956208758248
"781","51510201202",3068,89,84,0.0563885267275098
"782","51510201203",7225,485,1561,0.28318339100346
"783","51510201204",3611,128,133,0.0722791470506785
"784","51510201300",3503,36,24,0.0171281758492721
"785","51510201400",4005,33,78,0.0277153558052434
"786","51510201500",3519,17,32,0.0139244103438477
"787","51510201600",4694,525,191,0.152535151256924
"788","51510201801",6110,184,159,0.0561374795417349
"789","51510201802",2053,169,102,0.132001948368242
"790","51510201900",1683,44,23,0.0398098633392751
"791","51510202001",2141,1,1,0.000934142923867352
"792","51510202002",1954,31,35,0.0337768679631525
"793","51013100100",5076,98,34,0.0260047281323877
"794","51013100200",6848,48,115,0.0238025700934579
"795","51013100300",5438,28,1,0.00533284295696947
"796","51013100400",3919,78,29,0.0273028833886195
"797","51013100500",4792,116,125,0.0502921535893155
"798","51013100600",3048,105,65,0.0557742782152231
"799","51013100700",5658,239,173,0.0728172499116296
"800","51013100800",1617,36,6,0.025974025974026
"801","51013100900",4755,74,126,0.0420609884332282
"802","51013101000",3274,40,92,0.0403176542455712
"803","51013101100",5772,86,76,0.0280665280665281
"804","51013101200",4311,136,241,0.0874507074924611
"805","51013101300",6902,148,182,0.0478122283396117
"806","51013101401",1355,49,12,0.0450184501845018
"807","51013101402",3031,96,25,0.0399208182118113
"808","51013101403",5478,562,97,0.120299379335524
"809","51013101404",4638,221,100,0.0692108667529107
"810","51013101500",7394,345,172,0.0699215580200162
"811","51013101601",1328,135,99,0.176204819277108
"812","51013101602",1674,68,86,0.0919952210274791
"813","51013101603",3621,153,376,0.146092239712787
"814","51013101701",3141,157,410,0.180515759312321
"815","51013101702",4746,335,137,0.0994521702486304
"816","51013101703",1984,54,55,0.0549395161290323
"817","51013101801",2684,21,23,0.0163934426229508
"818","51013101802",6818,811,165,0.143150484012907
"819","51013101803",4070,128,93,0.0542997542997543
"820","51013101900",3260,127,31,0.0484662576687117
"821","51013102001",3240,217,435,0.201234567901235
"822","51013102002",1473,50,5,0.0373387644263408
"823","51013102003",3978,286,451,0.185268979386626
"824","51013102100",2395,43,332,0.156576200417537
"825","51013102200",7632,740,824,0.204926624737945
"826","51013102301",1636,21,34,0.0336185819070905
"827","51013102302",4230,435,294,0.172340425531915
"828","51013102400",3321,95,73,0.0505871725383921
"829","51013102500",5423,214,82,0.0545823345011986
"830","51013102600",3414,162,66,0.0667838312829526
"831","51013102701",3781,313,486,0.211319756678127
"832","51013102702",2246,9,0,0.00400712377560107
"833","51013102801",8297,214,1532,0.210437507532843
"834","51013102802",1317,9,62,0.0539104024297646
"835","51013102901",2697,40,34,0.0274378939562477
"836","51013102902",4373,32,105,0.0313286073633661
"837","51013103000",3326,19,71,0.0270595309681299
"838","51013103100",6821,725,917,0.240727166104677
"839","51013103200",5519,336,204,0.0978438122848342
"840","51013103300",2331,137,198,0.143715143715144
"841","51013103401",171,13,7,0.116959064327485
"842","51013103402",5483,259,185,0.0809775670253511
"843","51013103501",3087,301,45,0.112082928409459
"844","51013103502",3332,138,186,0.0972388955582233
"845","51013103503",3426,109,11,0.0350262697022767
"846","51013103601",2521,60,67,0.0503768345894486
"847","51013103602",1363,233,13,0.18048422597212
"848","51013103700",2589,74,17,0.0351487060641174
"849","51013103800",5133,120,216,0.065458796025716
"850","51013980100",16,0,0,0
"851","51013980200",8,0,0,0
"852","51059415100",3694,66,293,0.097184623714131
"853","51059415200",3027,91,134,0.0743310208126858
"854","51059415300",3647,11,42,0.0145324924595558
"855","51059415401",5869,164,406,0.0971204634520361
"856","51059415402",2995,0,75,0.0250417362270451
"857","51059415500",5904,317,201,0.0877371273712737
"858","51059415600",2776,1,11,0.00432276657060519
"859","51059415700",3810,1,15,0.0041994750656168
"860","51059415800",5004,20,20,0.00799360511590727
"861","51059415900",3201,100,37,0.0427991252733521
"862","51059416000",5725,83,462,0.0951965065502183
"863","51059416100",3713,99,40,0.0374360355507676
"864","51059416200",5237,128,47,0.0334160779071988
"865","51059416300",1968,22,45,0.0340447154471545
"866","51059420100",3724,145,176,0.0861976369495167
"867","51059420201",3950,128,59,0.0473417721518987
"868","51059420202",2068,33,72,0.0507736943907157
"869","51059420203",2591,37,149,0.0717869548436897
"870","51059420300",5744,87,20,0.0186281337047354
"871","51059420400",3348,24,93,0.0349462365591398
"872","51059420501",1745,39,119,0.0905444126074499
"873","51059420502",1892,38,50,0.0465116279069767
"874","51059420503",3027,145,128,0.0901883052527255
"875","51059420600",4487,115,201,0.0704256741698239
"876","51059420700",4199,70,110,0.0428673493688974
"877","51059420800",4093,57,135,0.0469093574395309
"878","51059421001",2916,19,125,0.0493827160493827
"879","51059421002",5008,263,208,0.0940495207667732
"880","51059421101",6275,145,106,0.04
"881","51059421102",4221,87,93,0.0426439232409382
"882","51059421103",5020,32,54,0.0171314741035857
"883","51059421200",2093,32,4,0.0172001911132346
"884","51059421300",3930,70,0,0.0178117048346056
"885","51059421400",8796,849,757,0.182582992269213
"886","51059421500",6858,282,1197,0.215660542432196
"887","51059421600",6472,406,445,0.131489493201483
"888","51059421701",5352,188,393,0.10855754857997
"889","51059421702",4231,73,124,0.0465610966674545
"890","51059421800",6392,314,310,0.097622027534418
"891","51059421900",2787,66,189,0.0914962325080732
"892","51059422000",3694,25,17,0.0113697888467786
"893","51059422101",6874,88,273,0.0525167297061391
"894","51059422102",7077,132,149,0.039706090151194
"895","51059422201",3463,16,46,0.0179035518336702
"896","51059422202",5720,240,34,0.0479020979020979
"897","51059422301",3081,26,32,0.0188250567997403
"898","51059422302",5394,74,60,0.024842417500927
"899","51059422401",2352,15,9,0.0102040816326531
"900","51059422402",5182,117,0,0.0225781551524508
"901","51059422403",2618,70,22,0.0351413292589763
"902","51059430101",4678,27,11,0.00812312954253955
"903","51059430102",3013,64,3,0.0222369731164952
"904","51059430201",4201,76,93,0.0402285170197572
"905","51059430202",5205,551,147,0.134101825168108
"906","51059430203",2721,96,64,0.0588019110621095
"907","51059430400",7127,198,20,0.0305879051494317
"908","51059430500",1739,48,4,0.0299022426682001
"909","51059430600",7406,118,370,0.06589251957872
"910","51059430700",3051,13,72,0.0278597181252049
"911","51059430801",4563,20,22,0.00920447074293228
"912","51059430802",4007,34,23,0.0142251060643873
"913","51059430901",4312,247,9,0.0593692022263451
"914","51059430902",3645,19,32,0.0139917695473251
"915","51059431001",5064,108,46,0.0304107424960506
"916","51059431002",2097,39,12,0.0243204577968526
"917","51059431300",4233,52,0,0.0122844318450272
"918","51059431400",4702,32,148,0.038281582305402
"919","51059431500",5286,151,30,0.0342413923571699
"920","51059431600",7557,72,479,0.0729125314278153
"921","51059431801",4283,123,19,0.0331543310763484
"922","51059431802",3308,79,46,0.0377871825876663
"923","51059431900",3083,11,6,0.00551410963347389
"924","51059432000",3494,150,77,0.0649685174585003
"925","51059432100",3682,184,124,0.0836501901140684
"926","51059432201",2505,9,0,0.00359281437125748
"927","51059432202",4706,252,313,0.120059498512537
"928","51059432300",5232,24,35,0.0112767584097859
"929","51059432401",3720,72,9,0.0217741935483871
"930","51059432402",5182,89,87,0.033963720571208
"931","51059432500",5498,69,184,0.0460167333575846
"932","51059432600",4666,53,0,0.011358765537934
"933","51059432701",3309,47,0,0.0142036869144757
"934","51059432702",4447,95,197,0.0656622442095795
"935","51059432800",2289,207,13,0.0961118392311053
"936","51059440100",7500,112,278,0.052
"937","51059440201",2612,35,122,0.0601071975497703
"938","51059440202",5957,226,178,0.0678193721671983
"939","51059440300",2776,31,42,0.0262968299711816
"940","51059440501",5190,139,106,0.0472061657032755
"941","51059440502",2482,86,27,0.0455278001611604
"942","51059440600",3148,46,91,0.0435196950444727
"943","51059440701",3115,1,18,0.00609951845906902
"944","51059440702",5701,148,47,0.0342045255218383
"945","51059440800",6601,129,150,0.0422663232843509
"946","51059450100",5231,86,255,0.0651883005161537
"947","51059450200",4478,149,513,0.147833854399285
"948","51059450300",4765,97,223,0.0671563483735572
"949","51059450400",2853,17,24,0.0143708377146863
"950","51059450500",3283,61,0,0.0185805665549802
"951","51059450601",4343,57,38,0.0218742804513009
"952","51059450602",4430,152,388,0.121896162528217
"953","51059450701",2989,99,120,0.0732686517229843
"954","51059450702",4544,634,696,0.292693661971831
"955","51059450800",3681,74,69,0.0388481390926379
"956","51059450900",1702,4,0,0.00235017626321974
"957","51059451000",2393,225,56,0.117425825323861
"958","51059451100",2294,90,100,0.0828247602441151
"959","51059451200",1861,35,28,0.0338527673293928
"960","51059451300",2455,0,38,0.0154786150712831
"961","51059451400",3538,575,295,0.245901639344262
"962","51059451501",5263,217,652,0.165114953448603
"963","51059451502",5468,125,513,0.116678858814923
"964","51059451601",6293,855,961,0.288574606705864
"965","51059451602",2699,107,93,0.0741015190811412
"966","51059451800",3716,61,158,0.0589343379978471
"967","51059451900",5111,79,276,0.0694580316963412
"968","51059452000",2788,88,156,0.0875179340028694
"969","51059452101",5256,152,67,0.0416666666666667
"970","51059452102",3549,126,337,0.130459284305438
"971","51059452200",7056,262,453,0.101332199546485
"972","51059452301",3525,363,189,0.156595744680851
"973","51059452302",4993,280,326,0.121369917885039
"974","51059452400",7039,91,376,0.0663446512288677
"975","51059452501",3922,126,56,0.0464048954614992
"976","51059452502",5428,288,931,0.224576271186441
"977","51059452600",7109,351,163,0.0723027148684766
"978","51059452700",5373,353,416,0.143123022520007
"979","51059452801",5940,345,626,0.163468013468013
"980","51059452802",3118,163,422,0.187620269403464
"981","51059460100",4614,12,52,0.0138708279150412
"982","51059460200",4264,29,15,0.0103189493433396
"983","51059460300",2938,32,16,0.0163376446562287
"984","51059460400",4900,185,126,0.063469387755102
"985","51059460501",2677,87,49,0.0508031378408666
"986","51059460502",7758,185,187,0.0479505027068832
"987","51059460600",4052,62,0,0.0153010858835143
"988","51059460701",3516,84,163,0.0702502844141069
"989","51059460702",4514,9,100,0.0241470979175897
"990","51059460800",3278,5,63,0.0207443563148261
"991","51059460900",2557,4,6,0.00391083300743058
"992","51059461000",2469,66,43,0.044147428108546
"993","51059461100",7733,321,218,0.069701280227596
"994","51059461201",4525,92,31,0.027182320441989
"995","51059461202",5736,148,151,0.0521269177126918
"996","51059461500",6438,70,94,0.0254737496116806
"997","51059461601",6649,270,389,0.0991126485185742
"998","51059461602",4953,131,209,0.0686452654956592
"999","51059461700",6855,287,90,0.0549963530269876
"1000","51059461801",1477,178,36,0.144888287068382
"1001","51059461802",5516,58,28,0.0155910079767948
"1002","51059461901",4200,168,250,0.0995238095238095
"1003","51059461902",1939,306,201,0.261474987106756
"1004","51059470100",2913,12,25,0.0127016821146584
"1005","51059470300",3298,30,68,0.0297149787750152
"1006","51059470400",4524,58,28,0.0190097259062776
"1007","51059470500",5620,73,202,0.048932384341637
"1008","51059470600",2659,5,88,0.0349755547198195
"1009","51059470700",5716,32,31,0.0110216934919524
"1010","51059470800",3092,51,26,0.0249029754204398
"1011","51059470900",6789,76,95,0.0251878038002651
"1012","51059471000",2102,16,9,0.0118934348239772
"1013","51059471100",6872,121,138,0.0376891734575087
"1014","51059471201",3386,88,26,0.0336680448907265
"1015","51059471202",4978,131,281,0.0827641623141824
"1016","51059471301",4560,180,277,0.100219298245614
"1017","51059471303",4261,311,64,0.0880075099741845
"1018","51059471304",1912,38,15,0.0277196652719665
"1019","51059471401",3945,71,106,0.0448669201520913
"1020","51059471402",3419,43,108,0.0441649605147704
"1021","51059480100",4354,110,87,0.0452457510335324
"1022","51059480201",4500,79,33,0.0248888888888889
"1023","51059480202",3893,142,80,0.05702543025944
"1024","51059480203",2281,172,41,0.0933800964489259
"1025","51059480300",7016,82,26,0.0153933865450399
"1026","51059480401",4269,48,9,0.0133520730850316
"1027","51059480402",6324,7,79,0.0135989879822897
"1028","51059480501",3450,94,0,0.0272463768115942
"1029","51059480502",5851,36,282,0.0543496838147325
"1030","51059480503",3436,27,52,0.0229918509895227
"1031","51059480504",2042,42,22,0.0313418217433888
"1032","51059480505",3289,46,39,0.0258437214958954
"1033","51059480801",5690,87,319,0.0713532513181019
"1034","51059480802",3544,0,19,0.00536117381489842
"1035","51059480901",7352,307,425,0.0995647442872688
"1036","51059480902",3534,204,122,0.0922467458970006
"1037","51059480903",4193,86,333,0.0999284521822084
"1038","51059481000",6307,401,125,0.083399397494847
"1039","51059481101",2485,0,28,0.0112676056338028
"1040","51059481102",3598,70,0,0.0194552529182879
"1041","51059481103",3378,36,98,0.039668442865601
"1042","51059481104",2896,8,38,0.0158839779005525
"1043","51059481105",5355,25,20,0.00840336134453781
"1044","51059481106",5603,48,218,0.0474745671961449
"1045","51059481201",1233,0,44,0.0356853203568532
"1046","51059481202",6447,504,111,0.0953932061423918
"1047","51059481400",6536,212,202,0.0633414932680539
"1048","51059481500",2286,39,24,0.0275590551181102
"1049","51059481600",3455,45,11,0.0162083936324168
"1050","51059481701",6185,46,53,0.0160064672594988
"1051","51059481702",4824,101,60,0.0333747927031509
"1052","51059481900",5900,185,360,0.0923728813559322
"1053","51059482001",4998,98,87,0.0370148059223689
"1054","51059482002",3580,41,39,0.0223463687150838
"1055","51059482100",3539,114,247,0.102006216445324
"1056","51059482201",2605,407,329,0.28253358925144
"1057","51059482202",3138,25,237,0.0834926704907584
"1058","51059482203",3807,78,100,0.04675597583399
"1059","51059482301",4849,30,55,0.0175293875025779
"1060","51059482302",4364,88,629,0.164298808432631
"1061","51059482303",3500,0,29,0.00828571428571429
"1062","51059482400",2369,64,3,0.0282819755170958
"1063","51059482501",8781,22,249,0.0308620886003872
"1064","51059482502",3239,0,56,0.0172892868169188
"1065","51059482503",5142,86,166,0.0490081680280047
"1066","51059482504",5531,32,61,0.0168143192912674
"1067","51059482601",7420,219,49,0.0361185983827493
"1068","51059482602",7114,36,26,0.0087152094461625
"1069","51059490101",5299,113,110,0.0420834119645216
"1070","51059490103",5875,36,168,0.0347234042553191
"1071","51059490501",2940,240,123,0.123469387755102
"1072","51059490502",6231,85,26,0.0178141550312951
"1073","51059491000",2009,13,6,0.00945744151319064
"1074","51059491101",3792,0,36,0.00949367088607595
"1075","51059491102",3363,0,64,0.0190306274159976
"1076","51059491103",6791,416,220,0.0936533647474599
"1077","51059491201",5882,143,153,0.0503230193811629
"1078","51059491202",1604,86,120,0.128428927680798
"1079","51059491301",6775,103,122,0.033210332103321
"1080","51059491302",3870,74,149,0.0576227390180879
"1081","51059491303",4473,214,206,0.0938967136150235
"1082","51059491401",5096,119,79,0.0388540031397174
"1083","51059491402",4782,42,125,0.034922626516102
"1084","51059491403",4015,115,6,0.0301369863013699
"1085","51059491404",3824,48,95,0.0373953974895397
"1086","51059491405",2879,2,74,0.0263980548801667
"1087","51059491501",7427,164,171,0.0451056954355729
"1088","51059491502",6495,144,2,0.0224788298691301
"1089","51059491601",4622,552,206,0.163998269147555
"1090","51059491602",5948,256,579,0.140383322125084
"1091","51059491701",3720,74,142,0.0580645161290323
"1092","51059491702",8090,284,1014,0.16044499381953
"1093","51059491703",4856,628,64,0.142504118616145
"1094","51059491704",5286,354,114,0.0885357548240636
"1095","51059491705",3341,31,69,0.0299311583358276
"1096","51059491801",2352,0,71,0.030187074829932
"1097","51059491802",2924,38,9,0.0160738714090287
"1098","51059491803",6494,259,55,0.048352325223283
"1099","51059492000",5990,31,28,0.00984974958263773
"1100","51059492100",6517,124,39,0.0250115083627436
"1101","51059492201",2882,22,10,0.0111034004163775
"1102","51059492202",6848,53,86,0.0202978971962617
"1103","51059492203",4151,59,0,0.0142134425439653
"1104","51059492300",3242,11,52,0.0194324491054904
"1105","51059492400",4639,118,74,0.0413882302220306
"1106","51059492500",4224,75,15,0.0213068181818182
"1107","51059980100",0,0,0,NA
"1108","51059980200",0,0,0,NA
"1109","51059980300",0,0,0,NA
"1110","51600300100",5284,189,256,0.0842165026495079
"1111","51600300200",4997,207,89,0.0592355413247949
"1112","51600300300",5474,164,103,0.0487760321519912
"1113","51600300400",3531,256,55,0.0880770320022656
"1114","51600300500",3492,205,69,0.0784650630011455
"1115","51047930101",4540,178,218,0.0872246696035242
"1116","51047930102",8090,99,398,0.061433868974042
"1117","51047930201",7064,44,380,0.0600226500566251
"1118","51047930202",6184,60,216,0.0446313065976714
"1119","51047930300",6182,458,480,0.151730831446134
"1120","51047930400",5033,142,547,0.136896483210809
"1121","51047930501",4071,63,214,0.06804225006141
"1122","51047930502",5534,239,584,0.148717022045537
"1123","51107610101",4255,62,153,0.0505287896592244
"1124","51107610102",3560,10,32,0.0117977528089888
"1125","51107610201",4748,127,238,0.0768744734625105
"1126","51107610202",4777,35,10,0.00942013816202638
"1127","51107610300",7456,244,101,0.0462714592274678
"1128","51107610400",4726,44,58,0.0215827338129496
"1129","51107610503",7625,83,18,0.0132459016393443
"1130","51107610504",7537,160,118,0.0368847021361284
"1131","51107610505",5959,227,239,0.0782010404430274
"1132","51107610506",6164,74,1063,0.184458144062297
"1133","51107610507",6718,153,61,0.0318547186662697
"1134","51107610601",7624,103,87,0.0249213011542497
"1135","51107610602",2433,8,15,0.00945334977394164
"1136","51107610603",2856,90,197,0.100490196078431
"1137","51107610604",7479,142,82,0.029950528145474
"1138","51107610701",5287,127,97,0.0423680726309817
"1139","51107610702",6308,88,211,0.0474001268230818
"1140","51107610703",4514,41,16,0.0126273814798405
"1141","51107610800",5037,119,43,0.0321620011911852
"1142","51107610900",2271,65,54,0.0523998238661383
"1143","51107611002",5086,336,466,0.15768777034998
"1144","51107611004",8075,104,136,0.0297213622291022
"1145","51107611005",5674,154,17,0.0301374691575608
"1146","51107611006",5625,12,317,0.0584888888888889
"1147","51107611009",5072,68,5,0.0143927444794953
"1148","51107611010",1462,11,0,0.00752393980848153
"1149","51107611011",3695,102,143,0.0663058186738836
"1150","51107611012",4629,7,95,0.0220349967595593
"1151","51107611013",4185,92,10,0.0243727598566308
"1152","51107611014",5727,10,169,0.0312554566090449
"1153","51107611015",2315,25,10,0.0151187904967603
"1154","51107611016",3022,0,40,0.0132362673726009
"1155","51107611017",3022,0,115,0.0380542686962277
"1156","51107611018",2530,7,77,0.033201581027668
"1157","51107611019",6149,41,151,0.0312245893641242
"1158","51107611020",5780,247,111,0.0619377162629758
"1159","51107611021",7322,43,30,0.00996995356459984
"1160","51107611022",6506,0,42,0.00645557946510913
"1161","51107611023",6132,111,3,0.0185909980430528
"1162","51107611024",6524,90,36,0.01931330472103
"1163","51107611025",8786,148,84,0.0264056453448668
"1164","51107611101",4210,50,51,0.0239904988123515
"1165","51107611102",6275,67,42,0.0173705179282869
"1166","51107611202",4685,87,120,0.0441835645677695
"1167","51107611204",5904,57,187,0.0413279132791328
"1168","51107611205",6106,449,268,0.117425483131346
"1169","51107611206",4186,80,97,0.0422838031533684
"1170","51107611207",4398,17,106,0.0279672578444748
"1171","51107611208",4610,41,60,0.0219088937093276
"1172","51107611209",6786,155,36,0.0281461833185971
"1173","51107611300",5934,200,105,0.0513987192450286
"1174","51107611400",5335,210,154,0.0682286785379569
"1175","51107611501",3248,116,384,0.153940886699507
"1176","51107611502",6251,36,200,0.0377539593665014
"1177","51107611601",4282,212,71,0.0660906118636151
"1178","51107611602",3929,28,243,0.0689742937134131
"1179","51107611700",6425,193,369,0.0874708171206226
"1180","51107611801",6741,33,64,0.0143895564456312
"1181","51107611802",10368,43,112,0.0149498456790123
"1182","51107611803",6598,14,158,0.0260685056077599
"1183","51107611804",5708,78,100,0.0311843027330063
"1184","51107611805",4692,78,119,0.0419863597612958
"1185","51107611806",8956,56,1,0.00636444841447075
"1186","51107611900",9001,130,10,0.0155538273525164
"1187","51107980100",0,0,0,NA
"1188","51630000100",3148,193,141,0.106099110546379
"1189","51630000200",6537,700,794,0.22854520422212
"1190","51630000301",43,11,0,0.255813953488372
"1191","51630000302",4709,475,153,0.133361647908261
"1192","51630000400",3261,359,333,0.212204845139528
"1193","51630000500",7180,502,447,0.132172701949861
"1194","51187020100",8781,393,571,0.109782484910602
"1195","51187020200",2807,19,39,0.0206626291414321
"1196","51187020300",6572,185,293,0.0727328058429702
"1197","51187020400",4176,207,585,0.189655172413793
"1198","51187020500",4205,168,263,0.102497027348395
"1199","51187020601",5351,225,164,0.0726966922070641
"1200","51187020602",2737,163,280,0.161856046766533
"1201","51187020700",2950,66,75,0.0477966101694915
"1202","51683910100",4299,88,350,0.101884159106769
"1203","51683910201",4499,79,226,0.0677928428539675
"1204","51683910202",8177,169,221,0.0476947535771065
"1205","51683910301",4928,203,250,0.0919237012987013
"1206","51683910302",5841,522,92,0.105118986474919
"1207","51683910401",7291,320,1147,0.201206967494171
"1208","51683910402",5681,136,142,0.0489350466467171
"1209","51685920100",7000,266,284,0.0785714285714286
"1210","51685920200",8545,260,422,0.0798127559976595
"1211","51153900100",3342,107,83,0.056852184320766
"1212","51153900201",2148,20,186,0.095903165735568
"1213","51153900202",4413,175,676,0.192839338318604
"1214","51153900203",5051,119,740,0.170065333597307
"1215","51153900300",8387,200,260,0.0548467866936926
"1216","51153900403",5004,165,275,0.08792965627498
"1217","51153900404",5713,121,338,0.0803430771923683
"1218","51153900407",6575,241,322,0.0856273764258555
"1219","51153900408",4617,138,205,0.0742906649339398
"1220","51153900409",4893,169,525,0.141835274882485
"1221","51153900410",5183,103,703,0.15550839282269
"1222","51153900501",7864,458,114,0.072736520854527
"1223","51153900502",3011,16,0,0.0053138492195284
"1224","51153900600",7524,45,1413,0.19377990430622
"1225","51153900701",6218,129,152,0.0451913798649083
"1226","51153900702",8063,226,229,0.0564306089544834
"1227","51153900801",5919,0,36,0.00608210846426761
"1228","51153900802",7296,231,517,0.102521929824561
"1229","51153900901",5515,714,536,0.226654578422484
"1230","51153900904",5495,81,217,0.0542311191992721
"1231","51153900905",5380,91,221,0.0579925650557621
"1232","51153901001",6941,219,238,0.0658406569658551
"1233","51153901005",5216,7,11,0.00345092024539877
"1234","51153901008",8302,196,381,0.0695013249819321
"1235","51153901009",6967,170,46,0.0310033012774508
"1236","51153901010",4254,0,0,0
"1237","51153901011",5474,73,26,0.0180854950675923
"1238","51153901012",3043,18,22,0.0131449227735787
"1239","51153901100",4988,108,183,0.0583400160384924
"1240","51153901203",4695,175,376,0.117358892438765
"1241","51153901208",3197,131,74,0.0641226149515171
"1242","51153901209",6350,78,269,0.0546456692913386
"1243","51153901211",4406,79,597,0.153427144802542
"1244","51153901212",8513,109,189,0.0350052860331258
"1245","51153901219",5311,11,148,0.0299378648088872
"1246","51153901221",5298,141,285,0.0804077010192525
"1247","51153901222",2721,11,45,0.0205806688717383
"1248","51153901223",6307,162,228,0.0618360551767877
"1249","51153901224",4074,189,10,0.0488463426607757
"1250","51153901225",4562,31,72,0.0225778167470408
"1251","51153901226",5861,134,101,0.0400955468350111
"1252","51153901227",5489,16,196,0.0386226999453452
"1253","51153901228",6342,169,75,0.0384736676127405
"1254","51153901229",4328,227,131,0.0827171903881701
"1255","51153901230",4494,116,36,0.0338228749443703
"1256","51153901231",5988,129,52,0.0302271209084836
"1257","51153901232",3511,17,15,0.00911421247507833
"1258","51153901233",6885,21,106,0.0184458968772694
"1259","51153901234",2733,342,14,0.130259787778997
"1260","51153901235",3419,10,0,0.00292483182217023
"1261","51153901236",5065,44,102,0.0288252714708786
"1262","51153901237",3611,151,378,0.146496815286624
"1263","51153901303",4907,0,284,0.0578765029549623
"1264","51153901304",2372,213,14,0.0956998313659359
"1265","51153901305",3041,48,85,0.0437356132851036
"1266","51153901306",5810,36,48,0.0144578313253012
"1267","51153901403",5911,114,567,0.115208932498731
"1268","51153901407",3842,160,259,0.109057782404997
"1269","51153901408",7146,380,840,0.170724881052337
"1270","51153901409",6537,20,159,0.0273825914027842
"1271","51153901410",8259,77,0,0.00932316261048553
"1272","51153901411",5828,60,152,0.0363761153054221
"1273","51153901412",7681,44,71,0.0149720088530139
"1274","51153901413",4407,146,54,0.045382346267302
"1275","51153901414",5176,144,241,0.0743817619783617
"1276","51153901415",4162,83,0,0.0199423354156655
"1277","51153901416",5205,7,25,0.00614793467819404
"1278","51153901417",2250,41,0,0.0182222222222222
"1279","51153901503",5653,38,95,0.0235273306209093
"1280","51153901504",3522,227,11,0.0675752413401476
"1281","51153901505",7448,225,0,0.0302094522019334
"1282","51153901506",5306,9,134,0.0269506219374293
"1283","51153901507",2739,40,42,0.0299379335523914
"1284","51153901508",4711,131,83,0.0454255996603693
"1285","51153901509",5362,154,64,0.0406564714658709
"1286","51153901510",5286,81,0,0.0153234960272418
"1287","51153901511",2877,20,0,0.00695168578380257
"1288","51153901601",3837,230,27,0.0669794109981757
"1289","51153901602",8438,325,303,0.0744252192462669
"1290","51153901701",7675,224,1075,0.169250814332248
"1291","51153901702",4220,540,265,0.190758293838863
"1292","51153901900",6583,389,648,0.157526963390551
"1293","51153980100",0,0,0,NA
"1294","51610500100",3304,55,8,0.0190677966101695
"1295","51610500200",5669,70,69,0.0245193155759393
"1296","51610500300",4311,30,129,0.0368823938761308
"1297","51179010103",3801,109,195,0.0799789529071297
"1298","51179010105",7035,172,57,0.0325515280739161
"1299","51179010106",2988,7,160,0.0558902275769746
"1300","51179010107",3318,21,41,0.0186859553948162
"1301","51179010108",5789,201,37,0.0411124546553809
"1302","51179010201",50,16,0,0.32
"1303","51179010202",6160,113,109,0.036038961038961
"1304","51179010204",7575,109,166,0.0363036303630363
"1305","51179010205",6944,97,119,0.0311059907834101
"1306","51179010206",5316,84,159,0.0457110609480813
"1307","51179010207",8242,287,528,0.0988837660761951
"1308","51179010210",7681,0,365,0.0475198541856529
"1309","51179010211",4382,33,334,0.0837517115472387
"1310","51179010212",4517,100,94,0.0429488598627408
"1311","51179010213",2511,37,0,0.0147351652727997
"1312","51179010214",4040,84,132,0.0534653465346535
"1313","51179010301",4133,20,32,0.0125816598112751
"1314","51179010303",9906,257,333,0.059559862709469
"1315","51179010304",5604,88,176,0.0471092077087794
"1316","51179010305",6202,139,485,0.100612705578846
"1317","51179010403",3122,69,65,0.0429212043561819
"1318","51179010404",6204,112,162,0.0441650548033527
"1319","51179010405",6568,194,109,0.0461327649208283
"1320","51179010406",2995,154,168,0.107512520868114
"1321","51179010502",4377,84,95,0.0408955905871602
"1322","51179010503",2146,76,88,0.0764212488350419
"1323","51179010504",1581,44,32,0.0480708412397217
"1324","51061930100",5303,368,260,0.118423533848765
"1325","51061930203",2633,106,9,0.0436764147360425
"1326","51061930204",3358,43,48,0.0270994639666468
"1327","51061930205",1805,41,51,0.0509695290858726
"1328","51061930206",2212,39,26,0.0293851717902351
"1329","51061930207",1619,112,103,0.132798023471279
"1330","51061930302",7385,234,405,0.0865267433987813
"1331","51061930303",3392,4,78,0.0241745283018868
"1332","51061930304",2609,68,35,0.0394787274817938
"1333","51061930401",5531,101,69,0.0307358524679082
"1334","51061930402",5880,141,155,0.0503401360544218
"1335","51061930403",6588,61,79,0.021250758955677
"1336","51061930703",2827,67,85,0.053767244428723
"1337","51061930704",4064,25,75,0.0246062992125984
"1338","51061930705",3674,29,229,0.070223189983669
"1339","51061930706",5882,183,278,0.0783747024821489
"1340","51061930707",2279,104,51,0.0680122860903905
"1341","51840000100",7233,657,960,0.223558689340523
"1342","51840000201",3502,244,203,0.127641347801256
"1343","51840000202",5541,352,110,0.0833784515430428
"1344","51840000301",4031,272,336,0.150831059290499
"1345","51840000302",5886,307,759,0.181107713217805
"1346","51069050100",4292,152,175,0.07618825722274
"1347","51069050200",3980,39,139,0.0447236180904523
"1348","51069050300",6309,237,186,0.0670470756062767
"1349","51069050400",6446,180,279,0.0712069500465405
"1350","51069050500",5232,87,101,0.0359327217125382
"1351","51069050600",4505,66,110,0.0390677025527192
"1352","51069050700",2982,79,131,0.0704225352112676
"1353","51069050801",4053,306,62,0.0907969405378732
"1354","51069050802",7170,189,177,0.0510460251046025
"1355","51069050803",7158,129,332,0.0644034646549315
"1356","51069050900",4293,148,269,0.0971348707197764
"1357","51069051000",10104,228,361,0.0582937450514648
"1358","51069051101",7821,212,129,0.0436005625879044
"1359","51069051102",5859,234,510,0.126984126984127
"1360","51043010100",8258,588,384,0.117704044562848
"1361","51043010200",2800,200,108,0.11
"1362","51043010300",3006,121,155,0.0918163672654691
"1363","51177020104",4965,113,330,0.0892245720040282
"1364","51177020105",2226,15,74,0.0399820305480683
"1365","51177020106",5135,39,60,0.0192794547224927
"1366","51177020107",1888,51,29,0.0423728813559322
"1367","51177020108",3998,87,679,0.191595797898949
"1368","51177020109",3338,349,82,0.129119233073697
"1369","51177020110",4051,14,485,0.123179461861269
"1370","51177020111",2239,5,15,0.00893255917820455
"1371","51177020112",2786,118,92,0.0753768844221105
"1372","51177020113",4292,184,46,0.0535880708294501
"1373","51177020114",5608,338,36,0.0666904422253923
"1374","51177020201",6019,229,490,0.119455058979897
"1375","51177020202",4967,241,311,0.111133480974431
"1376","51177020203",5092,175,156,0.0650039277297722
"1377","51177020204",4129,98,15,0.0273674013078227
"1378","51177020205",4757,415,122,0.112886272861047
"1379","51177020304",4478,153,199,0.0786065207682001
"1380","51177020305",3522,109,176,0.0809199318568995
"1381","51177020306",6036,143,34,0.029324055666004
"1382","51177020307",3933,59,271,0.083905415713196
"1383","51177020308",3952,18,57,0.0189777327935223
"1384","51177020309",6317,301,371,0.10637961057464
"1385","51177020310",4369,75,53,0.0292973220416571
"1386","51177020311",5553,261,434,0.125157572483342
"1387","51177020403",4061,187,266,0.111548879586309
"1388","51177020404",3940,123,402,0.133248730964467
"1389","51177020405",3688,254,253,0.137472885032538
"1390","51177020406",3540,179,91,0.076271186440678
"1391","51177020407",5190,136,110,0.0473988439306358
"1392","51177020408",2730,121,67,0.0688644688644689
"1393","11001000100",5188,188,0,0.0362374710871241
"1394","11001000201",80,44,18,0.775
"1395","11001000202",3903,805,75,0.225467589034076
"1396","11001000300",6095,686,255,0.154388843314192
"1397","11001000400",1578,121,35,0.0988593155893536
"1398","11001000501",3455,105,116,0.0639652677279305
"1399","11001000502",2973,48,15,0.0211907164480323
"1400","11001000600",4498,198,202,0.0889284126278346
"1401","11001000701",5245,329,189,0.0987607244995234
"1402","11001000702",3316,384,29,0.124547647768396
"1403","11001000801",6149,732,131,0.140348024068954
"1404","11001000802",3153,386,56,0.140183951791944
"1405","11001000901",4641,400,106,0.109028226675286
"1406","11001000902",2455,24,18,0.0171079429735234
"1407","11001001001",7552,270,84,0.046875
"1408","11001001002",3497,816,174,0.283099799828424
"1409","11001001100",4733,158,31,0.0399323896049018
"1410","11001001200",4908,109,144,0.0515484922575387
"1411","11001001301",3912,163,86,0.0636503067484663
"1412","11001001302",7591,542,281,0.108417863259123
"1413","11001001401",3369,221,29,0.0742059958444642
"1414","11001001402",3315,259,62,0.0968325791855204
"1415","11001001500",6130,105,1,0.0172920065252855
"1416","11001001600",4148,60,100,0.038572806171649
"1417","11001001702",3049,196,77,0.0895375532961627
"1418","11001001803",4042,142,370,0.126669965363681
"1419","11001001804",5568,563,350,0.163972701149425
"1420","11001001901",3997,286,137,0.105829372029022
"1421","11001001902",2331,65,132,0.0845130845130845
"1422","11001002001",2848,84,110,0.0681179775280899
"1423","11001002002",3891,210,306,0.132613723978412
"1424","11001002101",5859,533,342,0.149342891278375
"1425","11001002102",4887,443,438,0.180274196848782
"1426","11001002201",3658,154,135,0.0790049207217059
"1427","11001002202",3974,758,291,0.263965777554102
"1428","11001002301",3213,141,196,0.104886399004046
"1429","11001002302",1425,305,35,0.23859649122807
"1430","11001002400",4222,168,161,0.0779251539554713
"1431","11001002501",2643,231,376,0.229663261445327
"1432","11001002502",5852,233,626,0.146787423103213
"1433","11001002600",2570,107,24,0.0509727626459144
"1434","11001002701",5250,221,634,0.162857142857143
"1435","11001002702",6300,283,211,0.0784126984126984
"1436","11001002801",4011,270,571,0.209673398155074
"1437","11001002802",4736,365,565,0.196368243243243
"1438","11001002900",4553,208,133,0.074895673182517
"1439","11001003000",3534,651,275,0.262026032823995
"1440","11001003100",3350,62,293,0.105970149253731
"1441","11001003200",4983,265,548,0.163154726068633
"1442","11001003301",3619,134,140,0.0757115225200332
"1443","11001003302",2338,204,80,0.121471343028229
"1444","11001003400",2784,370,154,0.188218390804598
"1445","11001003500",3048,288,353,0.210301837270341
"1446","11001003600",5026,296,229,0.104456824512535
"1447","11001003700",5472,255,694,0.173428362573099
"1448","11001003800",4969,356,197,0.111289997987523
"1449","11001003900",4484,268,173,0.098349687778769
"1450","11001004001",4104,128,54,0.0443469785575049
"1451","11001004002",2985,60,54,0.0381909547738693
"1452","11001004100",2759,64,94,0.0572671257702066
"1453","11001004201",3625,93,84,0.0488275862068966
"1454","11001004202",2535,102,85,0.073767258382643
"1455","11001004300",3720,342,97,0.118010752688172
"1456","11001004400",5695,296,471,0.134679543459175
"1457","11001004600",2938,136,272,0.138869979577944
"1458","11001004701",4478,627,432,0.236489504242966
"1459","11001004702",2307,242,106,0.150845253576073
"1460","11001004801",2215,34,180,0.0966139954853273
"1461","11001004802",3519,266,639,0.257175333901677
"1462","11001004901",2581,324,214,0.208446338628439
"1463","11001004902",2842,134,215,0.122800844475721
"1464","11001005001",2111,110,65,0.0828990999526291
"1465","11001005002",6051,332,459,0.130722194678566
"1466","11001005201",6224,337,155,0.0790488431876607
"1467","11001005301",4982,271,118,0.0780810919309514
"1468","11001005500",6388,872,289,0.181747025673137
"1469","11001005600",5186,623,521,0.220593906671809
"1470","11001005800",2781,316,139,0.163610212153901
"1471","11001005900",2576,211,147,0.138975155279503
"1472","11001006202",117,0,0,0
"1473","11001006400",2130,328,615,0.442723004694836
"1474","11001006500",2568,73,137,0.0817757009345794
"1475","11001006600",1904,5,45,0.0262605042016807
"1476","11001006700",4133,83,78,0.0389547544156787
"1477","11001006801",1963,111,88,0.101375445746307
"1478","11001006802",2327,105,146,0.10786420283627
"1479","11001006804",131,89,30,0.908396946564885
"1480","11001006900",2181,55,30,0.0389729481889042
"1481","11001007000",2297,41,79,0.0522420548541576
"1482","11001007100",3064,260,507,0.25032637075718
"1483","11001007200",4292,276,246,0.121621621621622
"1484","11001007301",3305,60,30,0.027231467473525
"1485","11001007304",3323,829,521,0.406259404152874
"1486","11001007401",2450,851,638,0.607755102040816
"1487","11001007403",3500,464,644,0.316571428571429
"1488","11001007404",3795,588,946,0.404216073781291
"1489","11001007406",3061,486,430,0.299248611564848
"1490","11001007407",2719,401,285,0.25229863920559
"1491","11001007408",3036,802,776,0.519762845849802
"1492","11001007409",3802,674,762,0.377695949500263
"1493","11001007502",5109,1660,1007,0.522019964768056
"1494","11001007503",2694,406,864,0.471417965850037
"1495","11001007504",2760,846,484,0.481884057971014
"1496","11001007601",4150,359,636,0.239759036144578
"1497","11001007603",3950,693,126,0.207341772151899
"1498","11001007604",3766,432,246,0.180031864046734
"1499","11001007605",3603,369,669,0.288093255620316
"1500","11001007703",5267,1230,1230,0.467059046895766
"1501","11001007707",4310,667,546,0.281438515081206
"1502","11001007708",3070,527,437,0.31400651465798
"1503","11001007709",2157,132,490,0.288363467779323
"1504","11001007803",3426,265,460,0.211617046117922
"1505","11001007804",2984,478,388,0.290214477211796
"1506","11001007806",2074,245,302,0.26374156219865
"1507","11001007807",2310,212,280,0.212987012987013
"1508","11001007808",4289,628,638,0.295173700163208
"1509","11001007809",2794,507,173,0.243378668575519
"1510","11001007901",3951,368,544,0.230827638572513
"1511","11001007903",1809,305,179,0.267551133222775
"1512","11001008001",3132,109,94,0.0648148148148148
"1513","11001008002",3537,180,76,0.0723777212326831
"1514","11001008100",3202,44,12,0.0174890693316677
"1515","11001008200",2690,173,31,0.0758364312267658
"1516","11001008301",2317,36,53,0.0384117393180837
"1517","11001008302",2267,102,46,0.0652845169827967
"1518","11001008402",2117,64,158,0.104865375531412
"1519","11001008410",1341,56,58,0.0850111856823266
"1520","11001008701",2303,127,119,0.106817194963092
"1521","11001008702",1930,205,284,0.253367875647668
"1522","11001008802",4588,515,670,0.258282476024412
"1523","11001008803",1331,522,167,0.517655897821187
"1524","11001008804",2416,397,333,0.302152317880795
"1525","11001008903",3457,376,755,0.327162279433034
"1526","11001008904",3046,336,411,0.245239658568615
"1527","11001009000",3049,190,344,0.175139389963923
"1528","11001009102",5203,822,639,0.280799538727657
"1529","11001009201",1887,265,132,0.210386857445681
"1530","11001009203",2606,250,234,0.185725249424405
"1531","11001009204",2785,536,608,0.410771992818671
"1532","11001009301",3204,90,164,0.0792759051186017
"1533","11001009302",1053,12,62,0.0702754036087369
"1534","11001009400",4844,302,272,0.11849710982659
"1535","11001009501",5088,796,381,0.231328616352201
"1536","11001009503",3263,161,129,0.0888752681581367
"1537","11001009504",3037,174,203,0.124135660190978
"1538","11001009505",2686,112,148,0.0967982129560685
"1539","11001009507",1631,37,146,0.112201103617413
"1540","11001009508",3829,160,135,0.0770436145207626
"1541","11001009509",3485,102,48,0.0430416068866571
"1542","11001009601",2199,361,592,0.433378808549341
"1543","11001009602",3457,610,825,0.415099797512294
"1544","11001009603",3005,208,290,0.165723793677205
"1545","11001009604",2102,81,122,0.0965746907706946
"1546","11001009700",3359,597,700,0.386126823459363
"1547","11001009801",2099,627,214,0.400666984278228
"1548","11001009802",1646,338,478,0.495747266099635
"1549","11001009803",2733,625,612,0.452616172703988
"1550","11001009804",2778,456,509,0.347372210223182
"1551","11001009807",2956,431,561,0.335588633288227
"1552","11001009810",2665,757,319,0.40375234521576
"1553","11001009811",5018,826,822,0.328417696293344
"1554","11001009901",2563,144,101,0.0955911041747952
"1555","11001009902",2761,251,54,0.110467222021007
"1556","11001009903",1828,145,179,0.177242888402626
"1557","11001009904",2434,695,169,0.354971240755957
"1558","11001009905",2760,542,201,0.269202898550725
"1559","11001009906",1521,245,165,0.269559500328731
"1560","11001009907",2890,825,266,0.377508650519031
"1561","11001010100",2564,168,169,0.131435257410296
"1562","11001010200",2537,55,121,0.0693732755222704
"1563","11001010300",3163,461,221,0.215618084097376
"1564","11001010400",4142,662,636,0.313375181071946
"1565","11001010500",3418,317,99,0.121708601521358
"1566","11001010600",5783,544,342,0.153207677675947
"1567","11001010700",1705,308,38,0.202932551319648
"1568","11001010800",1398,375,158,0.381258941344778
"1569","11001010900",4231,1490,569,0.486646182935476
"1570","11001011000",3463,41,86,0.036673404562518
"1571","11001011100",5246,359,727,0.207014868471216
"1572","54037972201",3950,129,201,0.0835443037974684
"1573","54037972203",2317,61,152,0.0919292188174363
"1574","54037972204",2034,127,119,0.12094395280236
"1575","54037972300",4842,186,343,0.109252375051632
"1576","54037972401",2451,312,201,0.209302325581395
"1577","54037972402",4744,340,316,0.138279932546374
"1578","54037972501",5077,140,85,0.0443175103407524
"1579","54037972503",3205,361,195,0.173478939157566
"1580","54037972505",2428,267,255,0.21499176276771
"1581","54037972506",3064,210,127,0.109986945169713
"1582","54037972601",2167,116,124,0.110752191970466
"1583","54037972602",4298,25,99,0.0288506281991624
"1584","54037972701",2725,64,72,0.0499082568807339
"1585","54037972702",3932,132,223,0.0902848423194303
"1586","54037972800",6482,855,385,0.191298981795742
"1587","54003971101",5920,666,77,0.125506756756757
"1588","54003971102",8640,605,476,0.125115740740741
"1589","54003971201",9824,308,606,0.0930374592833876
"1590","54003971202",4810,220,160,0.079002079002079
"1591","54003971300",9059,699,890,0.175405673915443
"1592","54003971400",9888,464,282,0.0754449838187702
"1593","54003971500",3925,632,401,0.263184713375796
"1594","54003971600",4314,301,1134,0.332637923041261
"1595","54003971700",5756,970,821,0.311153578874218
"1596","54003971800",7932,290,265,0.0699697428139183
"1597","54003971900",10126,525,1053,0.155836460596484
"1598","54003972000",11986,939,951,0.157683964625396
"1599","54003972101",5486,236,285,0.0949690120306234
"1600","54003972102",9685,756,223,0.10108415074858
